
===== run 'base' | device cuda | preset base =====
artifacts -> runs/base/  (train.log, metrics.jsonl, summary.json, samples.txt, figures/)
args: {"preset": "base", "run_name": "base", "checkpoint_dir": "checkpoints", "runs_dir": "runs", "batch_size": 96, "max_steps": 100000, "warmup_steps": 4000, "label_smoothing": 0.1, "dropout": 0.1, "grad_clip": 1.0, "max_len": 64, "vocab_size": 10000, "log_every": 50, "eval_every": 2000, "bleu_sentences": 1000, "num_workers": 2, "seed": 1337, "amp": true, "no_figures": false, "device": null, "resume": null}
Warning: You are sending unauthenticated requests to the HF Hub. Please set a HF_TOKEN to enable higher rate limits and faster downloads.
data: online=True train=29000 val=1014 test=1000
vocab: 10000
model: 49,260,544 params | d_model=512 h=8 6+6
training to 100000 steps...

step     50 | loss  8.640 | ppl  5650.60 | lr 8.73e-06 | gnorm   2.39 |    14676 tok/s
step    100 | loss  8.252 | ppl  3835.95 | lr 1.75e-05 | gnorm   2.19 |    18239 tok/s
step    150 | loss  7.632 | ppl  2063.48 | lr 2.62e-05 | gnorm   2.20 |    18284 tok/s
step    200 | loss  7.065 | ppl  1170.00 | lr 3.49e-05 | gnorm   2.23 |    18369 tok/s
step    250 | loss  6.339 | ppl   566.24 | lr 4.37e-05 | gnorm   1.60 |    18482 tok/s
step    300 | loss  6.117 | ppl   453.52 | lr 5.24e-05 | gnorm   1.98 |    18293 tok/s
step    350 | loss  6.164 | ppl   475.11 | lr 6.11e-05 | gnorm   0.97 |    17409 tok/s
step    400 | loss  5.950 | ppl   383.85 | lr 6.99e-05 | gnorm   0.83 |    18334 tok/s
step    450 | loss  5.651 | ppl   284.66 | lr 7.86e-05 | gnorm   1.20 |    18024 tok/s
step    500 | loss  5.693 | ppl   296.86 | lr 8.73e-05 | gnorm   1.28 |    18091 tok/s
step    550 | loss  5.533 | ppl   252.85 | lr 9.61e-05 | gnorm   1.49 |    17643 tok/s
step    600 | loss  5.646 | ppl   283.24 | lr 1.05e-04 | gnorm   1.63 |    18382 tok/s
step    650 | loss  5.411 | ppl   223.89 | lr 1.14e-04 | gnorm   2.04 |    16534 tok/s
step    700 | loss  5.231 | ppl   187.01 | lr 1.22e-04 | gnorm   1.70 |    18276 tok/s
step    750 | loss  5.196 | ppl   180.58 | lr 1.31e-04 | gnorm   1.18 |    18322 tok/s
step    800 | loss  4.913 | ppl   136.04 | lr 1.40e-04 | gnorm   2.51 |    18170 tok/s
step    850 | loss  4.953 | ppl   141.59 | lr 1.48e-04 | gnorm   1.91 |    18211 tok/s
step    900 | loss  4.881 | ppl   131.81 | lr 1.57e-04 | gnorm   2.04 |    18468 tok/s
step    950 | loss  4.629 | ppl   102.46 | lr 1.66e-04 | gnorm   1.68 |    17317 tok/s
step   1000 | loss  4.779 | ppl   119.03 | lr 1.75e-04 | gnorm   1.50 |    18197 tok/s
step   1050 | loss  4.755 | ppl   116.20 | lr 1.83e-04 | gnorm   1.40 |    18123 tok/s
step   1100 | loss  4.505 | ppl    90.48 | lr 1.92e-04 | gnorm   1.77 |    18197 tok/s
step   1150 | loss  4.542 | ppl    93.91 | lr 2.01e-04 | gnorm   1.87 |    18074 tok/s
step   1200 | loss  4.503 | ppl    90.28 | lr 2.10e-04 | gnorm   1.51 |    18450 tok/s
step   1250 | loss  4.290 | ppl    72.97 | lr 2.18e-04 | gnorm   1.52 |    17068 tok/s
step   1300 | loss  4.453 | ppl    85.88 | lr 2.27e-04 | gnorm   1.72 |    17847 tok/s
step   1350 | loss  4.326 | ppl    75.64 | lr 2.36e-04 | gnorm   1.45 |    17875 tok/s
step   1400 | loss  4.207 | ppl    67.12 | lr 2.45e-04 | gnorm   1.64 |    17985 tok/s
step   1450 | loss  4.340 | ppl    76.70 | lr 2.53e-04 | gnorm   1.42 |    18003 tok/s
step   1500 | loss  4.182 | ppl    65.48 | lr 2.62e-04 | gnorm   1.72 |    18304 tok/s
step   1550 | loss  4.264 | ppl    71.08 | lr 2.71e-04 | gnorm   1.59 |    17096 tok/s
step   1600 | loss  4.223 | ppl    68.21 | lr 2.80e-04 | gnorm   1.64 |    18046 tok/s
step   1650 | loss  3.938 | ppl    51.33 | lr 2.88e-04 | gnorm   1.37 |    18077 tok/s
step   1700 | loss  4.037 | ppl    56.63 | lr 2.97e-04 | gnorm   1.57 |    17866 tok/s
step   1750 | loss  3.943 | ppl    51.55 | lr 3.06e-04 | gnorm   1.92 |    17971 tok/s
step   1800 | loss  4.098 | ppl    60.24 | lr 3.14e-04 | gnorm   1.76 |    18281 tok/s
step   1850 | loss  3.933 | ppl    51.06 | lr 3.23e-04 | gnorm   1.71 |    16402 tok/s
step   1900 | loss  3.841 | ppl    46.56 | lr 3.32e-04 | gnorm   1.48 |    17983 tok/s
step   1950 | loss  3.917 | ppl    50.25 | lr 3.41e-04 | gnorm   1.49 |    18503 tok/s
step   2000 | loss  4.026 | ppl    56.01 | lr 3.49e-04 | gnorm   1.56 |    18399 tok/s
  [eval @ 2000] val_loss 4.017 | val_ppl 55.55 | BLEU 12.83  <- new best (saved)
step   2050 | loss  3.938 | ppl    51.31 | lr 3.58e-04 | gnorm   1.58 |     4288 tok/s
step   2100 | loss  3.983 | ppl    53.67 | lr 3.67e-04 | gnorm   1.53 |    17327 tok/s
step   2150 | loss  3.783 | ppl    43.93 | lr 3.76e-04 | gnorm   1.86 |    16052 tok/s
step   2200 | loss  3.738 | ppl    42.03 | lr 3.84e-04 | gnorm   1.43 |    16655 tok/s
step   2250 | loss  3.619 | ppl    37.31 | lr 3.93e-04 | gnorm   1.33 |    17301 tok/s
step   2300 | loss  3.734 | ppl    41.85 | lr 4.02e-04 | gnorm   1.42 |    17601 tok/s
step   2350 | loss  3.709 | ppl    40.81 | lr 4.11e-04 | gnorm   1.40 |    17256 tok/s
step   2400 | loss  3.844 | ppl    46.73 | lr 4.19e-04 | gnorm   1.35 |    17160 tok/s
step   2450 | loss  3.716 | ppl    41.12 | lr 4.28e-04 | gnorm   1.77 |    16280 tok/s
step   2500 | loss  3.672 | ppl    39.32 | lr 4.37e-04 | gnorm   1.46 |    17185 tok/s
step   2550 | loss  3.672 | ppl    39.33 | lr 4.45e-04 | gnorm   1.41 |    17438 tok/s
step   2600 | loss  3.728 | ppl    41.59 | lr 4.54e-04 | gnorm   1.33 |    17097 tok/s
step   2650 | loss  3.504 | ppl    33.24 | lr 4.63e-04 | gnorm   1.38 |    17591 tok/s
step   2700 | loss  3.516 | ppl    33.65 | lr 4.72e-04 | gnorm   1.55 |    17375 tok/s
step   2750 | loss  3.475 | ppl    32.28 | lr 4.80e-04 | gnorm   1.46 |    16581 tok/s
step   2800 | loss  3.406 | ppl    30.15 | lr 4.89e-04 | gnorm   1.45 |    17285 tok/s
step   2850 | loss  3.417 | ppl    30.49 | lr 4.98e-04 | gnorm   1.57 |    17491 tok/s
step   2900 | loss  3.609 | ppl    36.95 | lr 5.07e-04 | gnorm   1.59 |    17471 tok/s
step   2950 | loss  3.575 | ppl    35.69 | lr 5.15e-04 | gnorm   1.60 |    17188 tok/s
step   3000 | loss  3.387 | ppl    29.59 | lr 5.24e-04 | gnorm   1.52 |    17614 tok/s
step   3050 | loss  3.495 | ppl    32.96 | lr 5.33e-04 | gnorm   1.56 |    16358 tok/s
step   3100 | loss  3.324 | ppl    27.77 | lr 5.42e-04 | gnorm   1.52 |    17520 tok/s
step   3150 | loss  3.394 | ppl    29.79 | lr 5.50e-04 | gnorm   1.85 |    17161 tok/s
step   3200 | loss  3.409 | ppl    30.23 | lr 5.59e-04 | gnorm   1.69 |    17378 tok/s
step   3250 | loss  3.450 | ppl    31.49 | lr 5.68e-04 | gnorm   1.56 |    17217 tok/s
step   3300 | loss  3.605 | ppl    36.80 | lr 5.76e-04 | gnorm   1.51 |    17490 tok/s
step   3350 | loss  3.314 | ppl    27.49 | lr 5.85e-04 | gnorm   1.60 |    16269 tok/s
step   3400 | loss  3.359 | ppl    28.76 | lr 5.94e-04 | gnorm   1.67 |    17318 tok/s
step   3450 | loss  3.430 | ppl    30.88 | lr 6.03e-04 | gnorm   1.35 |    17154 tok/s
step   3500 | loss  3.376 | ppl    29.25 | lr 6.11e-04 | gnorm   1.58 |    17264 tok/s
step   3550 | loss  3.310 | ppl    27.40 | lr 6.20e-04 | gnorm   1.50 |    17374 tok/s
step   3600 | loss  3.391 | ppl    29.68 | lr 6.29e-04 | gnorm   1.57 |    17405 tok/s
step   3650 | loss  3.098 | ppl    22.15 | lr 6.38e-04 | gnorm   1.49 |    16025 tok/s
step   3700 | loss  3.278 | ppl    26.52 | lr 6.46e-04 | gnorm   1.77 |    16478 tok/s
step   3750 | loss  3.237 | ppl    25.45 | lr 6.55e-04 | gnorm   1.79 |    16500 tok/s
step   3800 | loss  3.295 | ppl    26.98 | lr 6.64e-04 | gnorm   1.59 |    16504 tok/s
step   3850 | loss  3.365 | ppl    28.93 | lr 6.73e-04 | gnorm   1.50 |    16443 tok/s
step   3900 | loss  3.490 | ppl    32.79 | lr 6.81e-04 | gnorm   1.45 |    16242 tok/s
step   3950 | loss  3.090 | ppl    21.98 | lr 6.90e-04 | gnorm   1.71 |    15632 tok/s
step   4000 | loss  3.114 | ppl    22.52 | lr 6.99e-04 | gnorm   1.50 |    16986 tok/s
  [eval @ 4000] val_loss 3.676 | val_ppl 39.48 | BLEU 16.00  <- new best (saved)
step   4050 | loss  3.021 | ppl    20.50 | lr 6.94e-04 | gnorm   1.52 |     3326 tok/s
step   4100 | loss  3.245 | ppl    25.66 | lr 6.90e-04 | gnorm   1.62 |    17329 tok/s
step   4150 | loss  3.331 | ppl    27.96 | lr 6.86e-04 | gnorm   1.56 |    17607 tok/s
step   4200 | loss  3.132 | ppl    22.92 | lr 6.82e-04 | gnorm   1.44 |    17313 tok/s
step   4250 | loss  3.013 | ppl    20.34 | lr 6.78e-04 | gnorm   1.51 |    16588 tok/s
step   4300 | loss  3.068 | ppl    21.50 | lr 6.74e-04 | gnorm   1.40 |    17295 tok/s
step   4350 | loss  3.058 | ppl    21.29 | lr 6.70e-04 | gnorm   1.66 |    17378 tok/s
step   4400 | loss  3.042 | ppl    20.94 | lr 6.66e-04 | gnorm   1.64 |    17481 tok/s
step   4450 | loss  3.086 | ppl    21.88 | lr 6.62e-04 | gnorm   1.45 |    17326 tok/s
step   4500 | loss  3.108 | ppl    22.37 | lr 6.59e-04 | gnorm   1.53 |    17314 tok/s
step   4550 | loss  3.055 | ppl    21.22 | lr 6.55e-04 | gnorm   1.62 |    16464 tok/s
step   4600 | loss  2.998 | ppl    20.04 | lr 6.52e-04 | gnorm   1.48 |    16782 tok/s
step   4650 | loss  3.012 | ppl    20.33 | lr 6.48e-04 | gnorm   1.46 |    16859 tok/s
step   4700 | loss  3.106 | ppl    22.33 | lr 6.45e-04 | gnorm   1.42 |    16630 tok/s
step   4750 | loss  3.073 | ppl    21.60 | lr 6.41e-04 | gnorm   1.59 |    17130 tok/s
step   4800 | loss  3.025 | ppl    20.59 | lr 6.38e-04 | gnorm   1.56 |    17231 tok/s
step   4850 | loss  2.815 | ppl    16.69 | lr 6.35e-04 | gnorm   1.69 |    16014 tok/s
step   4900 | loss  2.883 | ppl    17.86 | lr 6.31e-04 | gnorm   1.51 |    17069 tok/s
step   4950 | loss  2.868 | ppl    17.60 | lr 6.28e-04 | gnorm   1.48 |    16773 tok/s
step   5000 | loss  3.023 | ppl    20.55 | lr 6.25e-04 | gnorm   1.46 |    16904 tok/s
step   5050 | loss  3.206 | ppl    24.68 | lr 6.22e-04 | gnorm   1.49 |    17152 tok/s
step   5100 | loss  3.037 | ppl    20.85 | lr 6.19e-04 | gnorm   1.46 |    17123 tok/s
step   5150 | loss  2.959 | ppl    19.27 | lr 6.16e-04 | gnorm   1.42 |    16954 tok/s
step   5200 | loss  2.858 | ppl    17.43 | lr 6.13e-04 | gnorm   1.64 |    16169 tok/s
step   5250 | loss  2.828 | ppl    16.92 | lr 6.10e-04 | gnorm   1.46 |    17100 tok/s
step   5300 | loss  2.905 | ppl    18.27 | lr 6.07e-04 | gnorm   1.59 |    16978 tok/s
step   5350 | loss  2.838 | ppl    17.07 | lr 6.04e-04 | gnorm   1.50 |    17296 tok/s
step   5400 | loss  2.766 | ppl    15.89 | lr 6.01e-04 | gnorm   1.52 |    17038 tok/s
step   5450 | loss  2.867 | ppl    17.59 | lr 5.99e-04 | gnorm   1.59 |    16784 tok/s
step   5500 | loss  2.869 | ppl    17.62 | lr 5.96e-04 | gnorm   1.73 |    16064 tok/s
step   5550 | loss  2.859 | ppl    17.45 | lr 5.93e-04 | gnorm   1.50 |    16960 tok/s
step   5600 | loss  2.679 | ppl    14.58 | lr 5.91e-04 | gnorm   1.50 |    17029 tok/s
step   5650 | loss  2.941 | ppl    18.93 | lr 5.88e-04 | gnorm   1.43 |    17112 tok/s
step   5700 | loss  2.924 | ppl    18.62 | lr 5.85e-04 | gnorm   1.52 |    17311 tok/s
step   5750 | loss  2.951 | ppl    19.12 | lr 5.83e-04 | gnorm   1.49 |    17075 tok/s
step   5800 | loss  2.651 | ppl    14.17 | lr 5.80e-04 | gnorm   1.38 |    16100 tok/s
step   5850 | loss  2.705 | ppl    14.95 | lr 5.78e-04 | gnorm   1.51 |    17032 tok/s
step   5900 | loss  2.776 | ppl    16.05 | lr 5.75e-04 | gnorm   1.59 |    17022 tok/s
step   5950 | loss  2.758 | ppl    15.77 | lr 5.73e-04 | gnorm   1.52 |    17135 tok/s
step   6000 | loss  2.769 | ppl    15.95 | lr 5.71e-04 | gnorm   1.40 |    17128 tok/s
  [eval @ 6000] val_loss 3.561 | val_ppl 35.21 | BLEU 19.61  <- new best (saved)
step   6050 | loss  2.820 | ppl    16.77 | lr 5.68e-04 | gnorm   1.49 |     3414 tok/s
step   6100 | loss  2.619 | ppl    13.72 | lr 5.66e-04 | gnorm   1.56 |    15932 tok/s
step   6150 | loss  2.658 | ppl    14.26 | lr 5.64e-04 | gnorm   1.64 |    17258 tok/s
step   6200 | loss  2.725 | ppl    15.25 | lr 5.61e-04 | gnorm   1.63 |    17151 tok/s
step   6250 | loss  2.621 | ppl    13.76 | lr 5.59e-04 | gnorm   1.48 |    17207 tok/s
step   6300 | loss  2.794 | ppl    16.35 | lr 5.57e-04 | gnorm   1.61 |    17102 tok/s
step   6350 | loss  2.608 | ppl    13.57 | lr 5.55e-04 | gnorm   1.47 |    17203 tok/s
step   6400 | loss  2.550 | ppl    12.81 | lr 5.52e-04 | gnorm   1.36 |    16519 tok/s
step   6450 | loss  2.639 | ppl    13.99 | lr 5.50e-04 | gnorm   1.44 |    17485 tok/s
step   6500 | loss  2.546 | ppl    12.76 | lr 5.48e-04 | gnorm   1.57 |    16995 tok/s
step   6550 | loss  2.573 | ppl    13.10 | lr 5.46e-04 | gnorm   1.64 |    16987 tok/s
step   6600 | loss  2.623 | ppl    13.77 | lr 5.44e-04 | gnorm   1.75 |    16858 tok/s
step   6650 | loss  2.781 | ppl    16.14 | lr 5.42e-04 | gnorm   1.55 |    16802 tok/s
step   6700 | loss  2.442 | ppl    11.50 | lr 5.40e-04 | gnorm   1.51 |    16023 tok/s
step   6750 | loss  2.518 | ppl    12.41 | lr 5.38e-04 | gnorm   1.46 |    16748 tok/s
step   6800 | loss  2.594 | ppl    13.38 | lr 5.36e-04 | gnorm   1.55 |    17101 tok/s
step   6850 | loss  2.585 | ppl    13.27 | lr 5.34e-04 | gnorm   1.74 |    17044 tok/s
step   6900 | loss  2.622 | ppl    13.77 | lr 5.32e-04 | gnorm   1.60 |    17254 tok/s
step   6950 | loss  2.663 | ppl    14.34 | lr 5.30e-04 | gnorm   1.49 |    17202 tok/s
step   7000 | loss  2.401 | ppl    11.04 | lr 5.28e-04 | gnorm   1.50 |    15998 tok/s
step   7050 | loss  2.444 | ppl    11.51 | lr 5.26e-04 | gnorm   1.59 |    16987 tok/s
step   7100 | loss  2.454 | ppl    11.63 | lr 5.24e-04 | gnorm   1.57 |    17091 tok/s
step   7150 | loss  2.517 | ppl    12.39 | lr 5.23e-04 | gnorm   1.50 |    16318 tok/s
step   7200 | loss  2.544 | ppl    12.74 | lr 5.21e-04 | gnorm   1.57 |    16312 tok/s
step   7250 | loss  2.512 | ppl    12.33 | lr 5.19e-04 | gnorm   1.46 |    16314 tok/s
step   7300 | loss  2.342 | ppl    10.40 | lr 5.17e-04 | gnorm   1.65 |    16013 tok/s
step   7350 | loss  2.436 | ppl    11.43 | lr 5.15e-04 | gnorm   1.79 |    17157 tok/s
step   7400 | loss  2.374 | ppl    10.74 | lr 5.14e-04 | gnorm   1.48 |    17137 tok/s
step   7450 | loss  2.384 | ppl    10.85 | lr 5.12e-04 | gnorm   1.62 |    17225 tok/s
step   7500 | loss  2.450 | ppl    11.59 | lr 5.10e-04 | gnorm   1.66 |    17077 tok/s
step   7550 | loss  2.525 | ppl    12.49 | lr 5.09e-04 | gnorm   1.50 |    17263 tok/s
step   7600 | loss  2.309 | ppl    10.07 | lr 5.07e-04 | gnorm   1.50 |    16373 tok/s
step   7650 | loss  2.371 | ppl    10.71 | lr 5.05e-04 | gnorm   1.51 |    17034 tok/s
step   7700 | loss  2.398 | ppl    11.01 | lr 5.04e-04 | gnorm   1.88 |    17191 tok/s
step   7750 | loss  2.400 | ppl    11.02 | lr 5.02e-04 | gnorm   1.62 |    17459 tok/s
step   7800 | loss  2.257 | ppl     9.56 | lr 5.00e-04 | gnorm   1.45 |    16865 tok/s
step   7850 | loss  2.479 | ppl    11.93 | lr 4.99e-04 | gnorm   1.64 |    17343 tok/s
step   7900 | loss  2.201 | ppl     9.03 | lr 4.97e-04 | gnorm   1.41 |    16281 tok/s
step   7950 | loss  2.270 | ppl     9.68 | lr 4.96e-04 | gnorm   1.46 |    17259 tok/s
step   8000 | loss  2.373 | ppl    10.73 | lr 4.94e-04 | gnorm   1.62 |    17273 tok/s
  [eval @ 8000] val_loss 3.672 | val_ppl 39.31 | BLEU 21.08
step   8050 | loss  2.227 | ppl     9.27 | lr 4.93e-04 | gnorm   1.42 |     4391 tok/s
step   8100 | loss  2.436 | ppl    11.43 | lr 4.91e-04 | gnorm   1.61 |    17150 tok/s
step   8150 | loss  2.342 | ppl    10.40 | lr 4.90e-04 | gnorm   1.62 |    17443 tok/s
step   8200 | loss  2.252 | ppl     9.51 | lr 4.88e-04 | gnorm   1.42 |    16199 tok/s
step   8250 | loss  2.256 | ppl     9.54 | lr 4.87e-04 | gnorm   1.49 |    17318 tok/s
step   8300 | loss  2.348 | ppl    10.47 | lr 4.85e-04 | gnorm   1.47 |    17254 tok/s
step   8350 | loss  2.357 | ppl    10.56 | lr 4.84e-04 | gnorm   1.69 |    17331 tok/s
step   8400 | loss  2.312 | ppl    10.10 | lr 4.82e-04 | gnorm   1.59 |    16439 tok/s
step   8450 | loss  2.301 | ppl     9.99 | lr 4.81e-04 | gnorm   1.49 |    16304 tok/s
step   8500 | loss  2.183 | ppl     8.88 | lr 4.79e-04 | gnorm   1.49 |    15681 tok/s
step   8550 | loss  2.217 | ppl     9.18 | lr 4.78e-04 | gnorm   1.56 |    17194 tok/s
step   8600 | loss  2.372 | ppl    10.72 | lr 4.77e-04 | gnorm   1.59 |    17265 tok/s
step   8650 | loss  2.284 | ppl     9.82 | lr 4.75e-04 | gnorm   1.54 |    17526 tok/s
step   8700 | loss  2.193 | ppl     8.96 | lr 4.74e-04 | gnorm   1.54 |    17549 tok/s
step   8750 | loss  2.232 | ppl     9.32 | lr 4.72e-04 | gnorm   1.57 |    17122 tok/s
step   8800 | loss  2.132 | ppl     8.44 | lr 4.71e-04 | gnorm   1.54 |    16291 tok/s
step   8850 | loss  2.160 | ppl     8.67 | lr 4.70e-04 | gnorm   1.53 |    16195 tok/s
step   8900 | loss  2.181 | ppl     8.85 | lr 4.68e-04 | gnorm   1.60 |    16699 tok/s
step   8950 | loss  2.242 | ppl     9.41 | lr 4.67e-04 | gnorm   1.48 |    16339 tok/s
step   9000 | loss  2.177 | ppl     8.82 | lr 4.66e-04 | gnorm   1.60 |    16515 tok/s
step   9050 | loss  2.157 | ppl     8.65 | lr 4.65e-04 | gnorm   1.52 |    16366 tok/s
step   9100 | loss  2.075 | ppl     7.96 | lr 4.63e-04 | gnorm   1.47 |    15836 tok/s
step   9150 | loss  2.137 | ppl     8.48 | lr 4.62e-04 | gnorm   1.67 |    17007 tok/s
step   9200 | loss  2.074 | ppl     7.96 | lr 4.61e-04 | gnorm   1.42 |    17271 tok/s
step   9250 | loss  2.120 | ppl     8.33 | lr 4.60e-04 | gnorm   1.49 |    17389 tok/s
step   9300 | loss  2.158 | ppl     8.66 | lr 4.58e-04 | gnorm   1.55 |    17326 tok/s
step   9350 | loss  2.199 | ppl     9.01 | lr 4.57e-04 | gnorm   1.64 |    17295 tok/s
step   9400 | loss  2.001 | ppl     7.40 | lr 4.56e-04 | gnorm   1.46 |    16422 tok/s
step   9450 | loss  2.162 | ppl     8.69 | lr 4.55e-04 | gnorm   1.62 |    17156 tok/s
step   9500 | loss  2.111 | ppl     8.26 | lr 4.53e-04 | gnorm   1.52 |    17135 tok/s
step   9550 | loss  2.063 | ppl     7.87 | lr 4.52e-04 | gnorm   1.49 |    17177 tok/s
step   9600 | loss  2.074 | ppl     7.96 | lr 4.51e-04 | gnorm   1.48 |    17265 tok/s
step   9650 | loss  2.163 | ppl     8.70 | lr 4.50e-04 | gnorm   1.58 |    16764 tok/s
step   9700 | loss  1.962 | ppl     7.11 | lr 4.49e-04 | gnorm   1.36 |    16295 tok/s
step   9750 | loss  1.990 | ppl     7.32 | lr 4.48e-04 | gnorm   1.50 |    16378 tok/s
step   9800 | loss  2.059 | ppl     7.84 | lr 4.46e-04 | gnorm   1.53 |    16009 tok/s
step   9850 | loss  1.962 | ppl     7.11 | lr 4.45e-04 | gnorm   1.37 |    16375 tok/s
step   9900 | loss  2.136 | ppl     8.47 | lr 4.44e-04 | gnorm   1.76 |    16110 tok/s
step   9950 | loss  2.080 | ppl     8.01 | lr 4.43e-04 | gnorm   1.53 |    16060 tok/s
step  10000 | loss  1.960 | ppl     7.10 | lr 4.42e-04 | gnorm   1.88 |    15638 tok/s
  [eval @ 10000] val_loss 3.763 | val_ppl 43.06 | BLEU 21.57
step  10050 | loss  1.998 | ppl     7.37 | lr 4.41e-04 | gnorm   1.47 |     4576 tok/s
step  10100 | loss  1.916 | ppl     6.79 | lr 4.40e-04 | gnorm   1.35 |    16833 tok/s
step  10150 | loss  2.012 | ppl     7.48 | lr 4.39e-04 | gnorm   1.53 |    17187 tok/s
step  10200 | loss  2.047 | ppl     7.74 | lr 4.38e-04 | gnorm   1.42 |    17296 tok/s
step  10250 | loss  2.069 | ppl     7.91 | lr 4.37e-04 | gnorm   1.51 |    17400 tok/s
step  10300 | loss  2.284 | ppl     9.81 | lr 4.35e-04 | gnorm   1.78 |    17102 tok/s
step  10350 | loss  1.957 | ppl     7.08 | lr 4.34e-04 | gnorm   1.34 |    16064 tok/s
step  10400 | loss  1.964 | ppl     7.13 | lr 4.33e-04 | gnorm   1.51 |    17021 tok/s
step  10450 | loss  2.062 | ppl     7.86 | lr 4.32e-04 | gnorm   1.68 |    16937 tok/s
step  10500 | loss  2.014 | ppl     7.49 | lr 4.31e-04 | gnorm   1.40 |    17239 tok/s
step  10550 | loss  2.039 | ppl     7.68 | lr 4.30e-04 | gnorm   1.44 |    17248 tok/s
step  10600 | loss  2.131 | ppl     8.42 | lr 4.29e-04 | gnorm   1.57 |    17001 tok/s
step  10650 | loss  1.957 | ppl     7.08 | lr 4.28e-04 | gnorm   1.49 |    15846 tok/s
step  10700 | loss  2.010 | ppl     7.46 | lr 4.27e-04 | gnorm   1.66 |    16756 tok/s
step  10750 | loss  2.007 | ppl     7.44 | lr 4.26e-04 | gnorm   1.47 |    17026 tok/s
step  10800 | loss  1.970 | ppl     7.17 | lr 4.25e-04 | gnorm   1.46 |    17013 tok/s
step  10850 | loss  2.019 | ppl     7.53 | lr 4.24e-04 | gnorm   1.49 |    17202 tok/s
step  10900 | loss  2.014 | ppl     7.50 | lr 4.23e-04 | gnorm   1.51 |    17042 tok/s
step  10950 | loss  1.895 | ppl     6.65 | lr 4.22e-04 | gnorm   1.47 |    15950 tok/s
step  11000 | loss  1.954 | ppl     7.05 | lr 4.21e-04 | gnorm   1.44 |    16735 tok/s
step  11050 | loss  1.957 | ppl     7.08 | lr 4.20e-04 | gnorm   1.54 |    17014 tok/s
step  11100 | loss  2.020 | ppl     7.54 | lr 4.19e-04 | gnorm   1.60 |    16904 tok/s
step  11150 | loss  1.999 | ppl     7.38 | lr 4.19e-04 | gnorm   1.46 |    16872 tok/s
step  11200 | loss  2.014 | ppl     7.49 | lr 4.18e-04 | gnorm   1.55 |    16914 tok/s
step  11250 | loss  1.934 | ppl     6.92 | lr 4.17e-04 | gnorm   1.54 |    16015 tok/s
step  11300 | loss  1.941 | ppl     6.96 | lr 4.16e-04 | gnorm   1.39 |    16876 tok/s
step  11350 | loss  1.945 | ppl     6.99 | lr 4.15e-04 | gnorm   1.56 |    16941 tok/s
step  11400 | loss  1.964 | ppl     7.13 | lr 4.14e-04 | gnorm   1.55 |    16716 tok/s
step  11450 | loss  2.074 | ppl     7.95 | lr 4.13e-04 | gnorm   1.58 |    16344 tok/s
step  11500 | loss  1.969 | ppl     7.17 | lr 4.12e-04 | gnorm   1.49 |    16151 tok/s
step  11550 | loss  1.861 | ppl     6.43 | lr 4.11e-04 | gnorm   1.46 |    15712 tok/s
step  11600 | loss  1.933 | ppl     6.91 | lr 4.10e-04 | gnorm   1.47 |    17069 tok/s
step  11650 | loss  1.919 | ppl     6.81 | lr 4.09e-04 | gnorm   1.41 |    16800 tok/s
step  11700 | loss  1.947 | ppl     7.00 | lr 4.09e-04 | gnorm   1.58 |    16925 tok/s
step  11750 | loss  1.962 | ppl     7.11 | lr 4.08e-04 | gnorm   1.49 |    16841 tok/s
step  11800 | loss  2.032 | ppl     7.63 | lr 4.07e-04 | gnorm   1.60 |    16880 tok/s
step  11850 | loss  1.885 | ppl     6.58 | lr 4.06e-04 | gnorm   1.35 |    16027 tok/s
step  11900 | loss  1.877 | ppl     6.54 | lr 4.05e-04 | gnorm   1.44 |    16867 tok/s
step  11950 | loss  1.935 | ppl     6.93 | lr 4.04e-04 | gnorm   1.49 |    17150 tok/s
step  12000 | loss  1.890 | ppl     6.62 | lr 4.03e-04 | gnorm   1.43 |    17032 tok/s
  [eval @ 12000] val_loss 3.861 | val_ppl 47.51 | BLEU 21.21
step  12050 | loss  1.930 | ppl     6.89 | lr 4.03e-04 | gnorm   1.41 |     4230 tok/s
step  12100 | loss  1.950 | ppl     7.03 | lr 4.02e-04 | gnorm   1.60 |    16748 tok/s
step  12150 | loss  1.887 | ppl     6.60 | lr 4.01e-04 | gnorm   1.36 |    15947 tok/s
step  12200 | loss  1.851 | ppl     6.37 | lr 4.00e-04 | gnorm   1.32 |    16727 tok/s
step  12250 | loss  1.913 | ppl     6.78 | lr 3.99e-04 | gnorm   1.53 |    16924 tok/s
step  12300 | loss  1.885 | ppl     6.58 | lr 3.98e-04 | gnorm   1.46 |    16921 tok/s
step  12350 | loss  1.914 | ppl     6.78 | lr 3.98e-04 | gnorm   1.62 |    16538 tok/s
step  12400 | loss  1.915 | ppl     6.79 | lr 3.97e-04 | gnorm   1.48 |    16630 tok/s
step  12450 | loss  1.869 | ppl     6.48 | lr 3.96e-04 | gnorm   1.58 |    15845 tok/s
step  12500 | loss  1.903 | ppl     6.70 | lr 3.95e-04 | gnorm   1.55 |    16942 tok/s
step  12550 | loss  1.881 | ppl     6.56 | lr 3.94e-04 | gnorm   1.44 |    16816 tok/s
step  12600 | loss  1.874 | ppl     6.52 | lr 3.94e-04 | gnorm   1.45 |    16693 tok/s
step  12650 | loss  1.877 | ppl     6.54 | lr 3.93e-04 | gnorm   1.44 |    16849 tok/s
step  12700 | loss  1.946 | ppl     7.00 | lr 3.92e-04 | gnorm   1.60 |    16961 tok/s
step  12750 | loss  1.808 | ppl     6.10 | lr 3.91e-04 | gnorm   1.32 |    15935 tok/s
step  12800 | loss  1.829 | ppl     6.23 | lr 3.91e-04 | gnorm   1.62 |    17181 tok/s
step  12850 | loss  1.904 | ppl     6.71 | lr 3.90e-04 | gnorm   1.54 |    17056 tok/s
step  12900 | loss  1.807 | ppl     6.09 | lr 3.89e-04 | gnorm   1.59 |    17166 tok/s
step  12950 | loss  1.882 | ppl     6.57 | lr 3.88e-04 | gnorm   1.55 |    17182 tok/s
step  13000 | loss  1.835 | ppl     6.27 | lr 3.88e-04 | gnorm   1.37 |    17341 tok/s
step  13050 | loss  1.814 | ppl     6.14 | lr 3.87e-04 | gnorm   1.53 |    15760 tok/s
step  13100 | loss  1.833 | ppl     6.25 | lr 3.86e-04 | gnorm   1.32 |    16814 tok/s
step  13150 | loss  1.823 | ppl     6.19 | lr 3.85e-04 | gnorm   1.42 |    17137 tok/s
step  13200 | loss  1.924 | ppl     6.85 | lr 3.85e-04 | gnorm   1.51 |    17204 tok/s
step  13250 | loss  1.846 | ppl     6.34 | lr 3.84e-04 | gnorm   1.38 |    17217 tok/s
step  13300 | loss  1.852 | ppl     6.37 | lr 3.83e-04 | gnorm   1.53 |    17083 tok/s
step  13350 | loss  1.787 | ppl     5.97 | lr 3.82e-04 | gnorm   1.37 |    15881 tok/s
step  13400 | loss  1.794 | ppl     6.01 | lr 3.82e-04 | gnorm   1.45 |    17006 tok/s
step  13450 | loss  1.831 | ppl     6.24 | lr 3.81e-04 | gnorm   1.35 |    16819 tok/s
step  13500 | loss  1.824 | ppl     6.20 | lr 3.80e-04 | gnorm   1.42 |    16994 tok/s
step  13550 | loss  1.802 | ppl     6.06 | lr 3.80e-04 | gnorm   1.59 |    17136 tok/s
step  13600 | loss  1.817 | ppl     6.15 | lr 3.79e-04 | gnorm   1.47 |    17244 tok/s
step  13650 | loss  1.741 | ppl     5.70 | lr 3.78e-04 | gnorm   1.26 |    16043 tok/s
step  13700 | loss  1.817 | ppl     6.15 | lr 3.78e-04 | gnorm   1.42 |    17001 tok/s
step  13750 | loss  1.785 | ppl     5.96 | lr 3.77e-04 | gnorm   1.29 |    16962 tok/s
step  13800 | loss  1.784 | ppl     5.95 | lr 3.76e-04 | gnorm   1.38 |    17121 tok/s
step  13850 | loss  1.866 | ppl     6.46 | lr 3.76e-04 | gnorm   1.40 |    17112 tok/s
step  13900 | loss  1.879 | ppl     6.55 | lr 3.75e-04 | gnorm   1.47 |    17209 tok/s
step  13950 | loss  1.778 | ppl     5.92 | lr 3.74e-04 | gnorm   1.36 |    16139 tok/s
step  14000 | loss  1.746 | ppl     5.73 | lr 3.74e-04 | gnorm   1.28 |    17021 tok/s
  [eval @ 14000] val_loss 3.920 | val_ppl 50.38 | BLEU 20.83
step  14050 | loss  1.761 | ppl     5.82 | lr 3.73e-04 | gnorm   1.42 |     4396 tok/s
step  14100 | loss  1.824 | ppl     6.20 | lr 3.72e-04 | gnorm   1.37 |    17142 tok/s
step  14150 | loss  1.791 | ppl     6.00 | lr 3.72e-04 | gnorm   1.37 |    17103 tok/s
step  14200 | loss  1.869 | ppl     6.48 | lr 3.71e-04 | gnorm   1.39 |    17070 tok/s
step  14250 | loss  1.736 | ppl     5.68 | lr 3.70e-04 | gnorm   1.35 |    16205 tok/s
step  14300 | loss  1.746 | ppl     5.73 | lr 3.70e-04 | gnorm   1.41 |    17393 tok/s
step  14350 | loss  1.810 | ppl     6.11 | lr 3.69e-04 | gnorm   1.55 |    17125 tok/s
step  14400 | loss  1.812 | ppl     6.12 | lr 3.68e-04 | gnorm   1.47 |    17090 tok/s
step  14450 | loss  1.779 | ppl     5.92 | lr 3.68e-04 | gnorm   1.37 |    17385 tok/s
step  14500 | loss  1.874 | ppl     6.51 | lr 3.67e-04 | gnorm   1.51 |    17101 tok/s
step  14550 | loss  1.776 | ppl     5.91 | lr 3.66e-04 | gnorm   1.37 |    16250 tok/s
step  14600 | loss  1.730 | ppl     5.64 | lr 3.66e-04 | gnorm   1.33 |    16875 tok/s
step  14650 | loss  1.784 | ppl     5.95 | lr 3.65e-04 | gnorm   1.36 |    16886 tok/s
step  14700 | loss  1.816 | ppl     6.15 | lr 3.65e-04 | gnorm   1.64 |    17134 tok/s
step  14750 | loss  1.846 | ppl     6.33 | lr 3.64e-04 | gnorm   1.36 |    17011 tok/s
step  14800 | loss  1.824 | ppl     6.20 | lr 3.63e-04 | gnorm   1.55 |    17199 tok/s
step  14850 | loss  1.755 | ppl     5.78 | lr 3.63e-04 | gnorm   1.37 |    15976 tok/s
step  14900 | loss  1.769 | ppl     5.87 | lr 3.62e-04 | gnorm   1.34 |    16624 tok/s
step  14950 | loss  1.777 | ppl     5.91 | lr 3.61e-04 | gnorm   1.42 |    17083 tok/s
step  15000 | loss  1.774 | ppl     5.89 | lr 3.61e-04 | gnorm   1.46 |    17347 tok/s
step  15050 | loss  1.747 | ppl     5.74 | lr 3.60e-04 | gnorm   1.33 |    17296 tok/s
step  15100 | loss  1.820 | ppl     6.17 | lr 3.60e-04 | gnorm   1.41 |    17071 tok/s
step  15150 | loss  1.705 | ppl     5.50 | lr 3.59e-04 | gnorm   4.20 |    16802 tok/s
step  15200 | loss  1.736 | ppl     5.67 | lr 3.58e-04 | gnorm   1.33 |    16500 tok/s
step  15250 | loss  1.761 | ppl     5.82 | lr 3.58e-04 | gnorm   1.33 |    16927 tok/s
step  15300 | loss  1.774 | ppl     5.89 | lr 3.57e-04 | gnorm   1.39 |    17290 tok/s
step  15350 | loss  1.825 | ppl     6.20 | lr 3.57e-04 | gnorm   1.45 |    17335 tok/s
step  15400 | loss  1.763 | ppl     5.83 | lr 3.56e-04 | gnorm   1.32 |    17301 tok/s
step  15450 | loss  1.791 | ppl     6.00 | lr 3.56e-04 | gnorm   1.46 |    17234 tok/s
step  15500 | loss  1.669 | ppl     5.31 | lr 3.55e-04 | gnorm   1.30 |    15455 tok/s
step  15550 | loss  1.704 | ppl     5.50 | lr 3.54e-04 | gnorm   1.29 |    16197 tok/s
step  15600 | loss  1.768 | ppl     5.86 | lr 3.54e-04 | gnorm   1.50 |    16335 tok/s
step  15650 | loss  1.761 | ppl     5.82 | lr 3.53e-04 | gnorm   1.49 |    16233 tok/s
step  15700 | loss  1.735 | ppl     5.67 | lr 3.53e-04 | gnorm   1.43 |    16616 tok/s
step  15750 | loss  1.810 | ppl     6.11 | lr 3.52e-04 | gnorm   1.47 |    17314 tok/s
step  15800 | loss  1.680 | ppl     5.36 | lr 3.52e-04 | gnorm   1.33 |    15778 tok/s
step  15850 | loss  1.723 | ppl     5.60 | lr 3.51e-04 | gnorm   1.31 |    17129 tok/s
step  15900 | loss  1.743 | ppl     5.72 | lr 3.50e-04 | gnorm   1.37 |    17220 tok/s
step  15950 | loss  1.738 | ppl     5.68 | lr 3.50e-04 | gnorm   1.33 |    17486 tok/s
step  16000 | loss  1.734 | ppl     5.66 | lr 3.49e-04 | gnorm   1.28 |    17065 tok/s
  [eval @ 16000] val_loss 3.961 | val_ppl 52.53 | BLEU 20.54
step  16050 | loss  1.717 | ppl     5.57 | lr 3.49e-04 | gnorm   1.39 |     4413 tok/s
step  16100 | loss  1.691 | ppl     5.43 | lr 3.48e-04 | gnorm   1.37 |    16263 tok/s
step  16150 | loss  1.738 | ppl     5.69 | lr 3.48e-04 | gnorm   1.37 |    17135 tok/s
step  16200 | loss  1.701 | ppl     5.48 | lr 3.47e-04 | gnorm   1.38 |    17211 tok/s
step  16250 | loss  1.763 | ppl     5.83 | lr 3.47e-04 | gnorm   1.46 |    17279 tok/s
step  16300 | loss  1.755 | ppl     5.78 | lr 3.46e-04 | gnorm   1.39 |    17369 tok/s
step  16350 | loss  1.729 | ppl     5.63 | lr 3.46e-04 | gnorm   1.35 |    17494 tok/s
step  16400 | loss  1.726 | ppl     5.62 | lr 3.45e-04 | gnorm   1.52 |    15924 tok/s
step  16450 | loss  1.702 | ppl     5.48 | lr 3.45e-04 | gnorm   1.30 |    17294 tok/s
step  16500 | loss  1.740 | ppl     5.70 | lr 3.44e-04 | gnorm   1.42 |    17384 tok/s
step  16550 | loss  1.711 | ppl     5.53 | lr 3.44e-04 | gnorm   1.36 |    17031 tok/s
step  16600 | loss  1.785 | ppl     5.96 | lr 3.43e-04 | gnorm   1.42 |    17104 tok/s
step  16650 | loss  1.777 | ppl     5.91 | lr 3.42e-04 | gnorm   1.36 |    16892 tok/s
step  16700 | loss  1.681 | ppl     5.37 | lr 3.42e-04 | gnorm   1.26 |    16248 tok/s
step  16750 | loss  1.712 | ppl     5.54 | lr 3.41e-04 | gnorm   1.46 |    17198 tok/s
step  16800 | loss  1.718 | ppl     5.57 | lr 3.41e-04 | gnorm   1.18 |    17070 tok/s
step  16850 | loss  1.730 | ppl     5.64 | lr 3.40e-04 | gnorm   1.33 |    17031 tok/s
step  16900 | loss  1.700 | ppl     5.47 | lr 3.40e-04 | gnorm   1.40 |    16878 tok/s
step  16950 | loss  1.720 | ppl     5.59 | lr 3.39e-04 | gnorm   1.40 |    17032 tok/s
step  17000 | loss  1.690 | ppl     5.42 | lr 3.39e-04 | gnorm   1.34 |    15912 tok/s
step  17050 | loss  1.696 | ppl     5.45 | lr 3.38e-04 | gnorm   1.36 |    17622 tok/s
step  17100 | loss  1.727 | ppl     5.62 | lr 3.38e-04 | gnorm   1.42 |    17398 tok/s
step  17150 | loss  1.716 | ppl     5.56 | lr 3.37e-04 | gnorm   1.46 |    17037 tok/s
step  17200 | loss  1.702 | ppl     5.48 | lr 3.37e-04 | gnorm   1.20 |    17191 tok/s
step  17250 | loss  1.696 | ppl     5.45 | lr 3.36e-04 | gnorm   1.26 |    17442 tok/s
step  17300 | loss  1.682 | ppl     5.37 | lr 3.36e-04 | gnorm   1.28 |    16188 tok/s
step  17350 | loss  1.662 | ppl     5.27 | lr 3.36e-04 | gnorm   1.32 |    17216 tok/s
step  17400 | loss  1.686 | ppl     5.40 | lr 3.35e-04 | gnorm   1.35 |    17053 tok/s
step  17450 | loss  1.719 | ppl     5.58 | lr 3.35e-04 | gnorm   1.36 |    16902 tok/s
step  17500 | loss  1.692 | ppl     5.43 | lr 3.34e-04 | gnorm   1.22 |    17013 tok/s
step  17550 | loss  1.686 | ppl     5.40 | lr 3.34e-04 | gnorm   1.18 |    16975 tok/s
step  17600 | loss  1.688 | ppl     5.41 | lr 3.33e-04 | gnorm   1.44 |    16536 tok/s
step  17650 | loss  1.643 | ppl     5.17 | lr 3.33e-04 | gnorm   1.12 |    16931 tok/s
step  17700 | loss  1.710 | ppl     5.53 | lr 3.32e-04 | gnorm   1.46 |    17163 tok/s
step  17750 | loss  1.674 | ppl     5.34 | lr 3.32e-04 | gnorm   1.22 |    17029 tok/s
step  17800 | loss  1.725 | ppl     5.61 | lr 3.31e-04 | gnorm   1.24 |    17211 tok/s
step  17850 | loss  1.722 | ppl     5.59 | lr 3.31e-04 | gnorm   1.45 |    16995 tok/s
step  17900 | loss  1.650 | ppl     5.21 | lr 3.30e-04 | gnorm   1.23 |    16212 tok/s
step  17950 | loss  1.689 | ppl     5.41 | lr 3.30e-04 | gnorm   1.36 |    17366 tok/s
step  18000 | loss  1.678 | ppl     5.35 | lr 3.29e-04 | gnorm   1.36 |    17252 tok/s
  [eval @ 18000] val_loss 3.986 | val_ppl 53.87 | BLEU 20.95
step  18050 | loss  1.688 | ppl     5.41 | lr 3.29e-04 | gnorm   1.30 |     4574 tok/s
step  18100 | loss  1.686 | ppl     5.40 | lr 3.28e-04 | gnorm   1.36 |    17039 tok/s
step  18150 | loss  1.731 | ppl     5.64 | lr 3.28e-04 | gnorm   1.37 |    16949 tok/s
step  18200 | loss  1.643 | ppl     5.17 | lr 3.28e-04 | gnorm   1.25 |    16042 tok/s
step  18250 | loss  1.648 | ppl     5.20 | lr 3.27e-04 | gnorm   1.33 |    16387 tok/s
step  18300 | loss  1.712 | ppl     5.54 | lr 3.27e-04 | gnorm   1.58 |    16237 tok/s
step  18350 | loss  1.685 | ppl     5.40 | lr 3.26e-04 | gnorm   1.39 |    17380 tok/s
step  18400 | loss  1.664 | ppl     5.28 | lr 3.26e-04 | gnorm   1.34 |    17108 tok/s
step  18450 | loss  1.729 | ppl     5.63 | lr 3.25e-04 | gnorm   1.24 |    17617 tok/s
step  18500 | loss  1.621 | ppl     5.06 | lr 3.25e-04 | gnorm   1.23 |    16373 tok/s
step  18550 | loss  1.678 | ppl     5.35 | lr 3.24e-04 | gnorm   1.31 |    16925 tok/s
step  18600 | loss  1.641 | ppl     5.16 | lr 3.24e-04 | gnorm   1.10 |    17306 tok/s
step  18650 | loss  1.664 | ppl     5.28 | lr 3.24e-04 | gnorm   1.30 |    17152 tok/s
step  18700 | loss  1.675 | ppl     5.34 | lr 3.23e-04 | gnorm   1.25 |    16419 tok/s
step  18750 | loss  1.690 | ppl     5.42 | lr 3.23e-04 | gnorm   1.30 |    16660 tok/s
step  18800 | loss  1.626 | ppl     5.09 | lr 3.22e-04 | gnorm   1.17 |    15767 tok/s
step  18850 | loss  1.622 | ppl     5.07 | lr 3.22e-04 | gnorm   1.26 |    17120 tok/s
step  18900 | loss  1.632 | ppl     5.12 | lr 3.21e-04 | gnorm   1.17 |    17305 tok/s
step  18950 | loss  1.667 | ppl     5.30 | lr 3.21e-04 | gnorm   1.29 |    17212 tok/s
step  19000 | loss  1.663 | ppl     5.27 | lr 3.21e-04 | gnorm   1.21 |    17219 tok/s
step  19050 | loss  1.686 | ppl     5.40 | lr 3.20e-04 | gnorm   1.40 |    16873 tok/s
step  19100 | loss  1.647 | ppl     5.19 | lr 3.20e-04 | gnorm   1.44 |    16064 tok/s
step  19150 | loss  1.698 | ppl     5.46 | lr 3.19e-04 | gnorm   1.32 |    16670 tok/s
step  19200 | loss  1.639 | ppl     5.15 | lr 3.19e-04 | gnorm   1.24 |    17296 tok/s
step  19250 | loss  1.692 | ppl     5.43 | lr 3.19e-04 | gnorm   1.48 |    17117 tok/s
step  19300 | loss  1.658 | ppl     5.25 | lr 3.18e-04 | gnorm   1.27 |    17177 tok/s
step  19350 | loss  1.687 | ppl     5.41 | lr 3.18e-04 | gnorm   1.36 |    17145 tok/s
step  19400 | loss  1.632 | ppl     5.11 | lr 3.17e-04 | gnorm   1.18 |    16219 tok/s
step  19450 | loss  1.621 | ppl     5.06 | lr 3.17e-04 | gnorm   1.23 |    17094 tok/s
step  19500 | loss  1.626 | ppl     5.08 | lr 3.16e-04 | gnorm   1.23 |    17203 tok/s
step  19550 | loss  1.631 | ppl     5.11 | lr 3.16e-04 | gnorm   1.30 |    17066 tok/s
step  19600 | loss  1.663 | ppl     5.27 | lr 3.16e-04 | gnorm   1.26 |    17218 tok/s
step  19650 | loss  1.671 | ppl     5.32 | lr 3.15e-04 | gnorm   1.36 |    17043 tok/s
step  19700 | loss  1.608 | ppl     4.99 | lr 3.15e-04 | gnorm   1.13 |    16221 tok/s
step  19750 | loss  1.648 | ppl     5.20 | lr 3.14e-04 | gnorm   1.29 |    16669 tok/s
step  19800 | loss  1.633 | ppl     5.12 | lr 3.14e-04 | gnorm   1.16 |    17210 tok/s
step  19850 | loss  1.634 | ppl     5.12 | lr 3.14e-04 | gnorm   1.28 |    17220 tok/s
step  19900 | loss  1.704 | ppl     5.49 | lr 3.13e-04 | gnorm   1.35 |    17125 tok/s
step  19950 | loss  1.636 | ppl     5.13 | lr 3.13e-04 | gnorm   1.17 |    16885 tok/s
step  20000 | loss  1.612 | ppl     5.01 | lr 3.13e-04 | gnorm   1.21 |    16152 tok/s
  [eval @ 20000] val_loss 3.998 | val_ppl 54.48 | BLEU 20.06
step  20050 | loss  1.625 | ppl     5.08 | lr 3.12e-04 | gnorm   1.25 |     4266 tok/s
step  20100 | loss  1.633 | ppl     5.12 | lr 3.12e-04 | gnorm   1.12 |    17154 tok/s
step  20150 | loss  1.669 | ppl     5.31 | lr 3.11e-04 | gnorm   1.31 |    17190 tok/s
step  20200 | loss  1.656 | ppl     5.24 | lr 3.11e-04 | gnorm   1.39 |    17336 tok/s
step  20250 | loss  1.648 | ppl     5.19 | lr 3.11e-04 | gnorm   1.27 |    17107 tok/s
step  20300 | loss  1.646 | ppl     5.19 | lr 3.10e-04 | gnorm   1.18 |    17332 tok/s
step  20350 | loss  1.604 | ppl     4.97 | lr 3.10e-04 | gnorm   1.30 |    16245 tok/s
step  20400 | loss  1.627 | ppl     5.09 | lr 3.09e-04 | gnorm   1.18 |    17232 tok/s
step  20450 | loss  1.625 | ppl     5.08 | lr 3.09e-04 | gnorm   1.22 |    17083 tok/s
step  20500 | loss  1.633 | ppl     5.12 | lr 3.09e-04 | gnorm   1.18 |    16962 tok/s
step  20550 | loss  1.651 | ppl     5.21 | lr 3.08e-04 | gnorm   1.77 |    16914 tok/s
step  20600 | loss  1.628 | ppl     5.09 | lr 3.08e-04 | gnorm   1.18 |    17161 tok/s
step  20650 | loss  1.617 | ppl     5.04 | lr 3.08e-04 | gnorm   1.15 |    15601 tok/s
step  20700 | loss  1.609 | ppl     5.00 | lr 3.07e-04 | gnorm   1.17 |    16270 tok/s
step  20750 | loss  1.622 | ppl     5.06 | lr 3.07e-04 | gnorm   1.06 |    16620 tok/s
step  20800 | loss  1.642 | ppl     5.16 | lr 3.06e-04 | gnorm   1.42 |    16455 tok/s
step  20850 | loss  1.635 | ppl     5.13 | lr 3.06e-04 | gnorm   1.28 |    17178 tok/s
step  20900 | loss  1.635 | ppl     5.13 | lr 3.06e-04 | gnorm   1.29 |    16960 tok/s
step  20950 | loss  1.633 | ppl     5.12 | lr 3.05e-04 | gnorm   1.42 |    16085 tok/s
step  21000 | loss  1.607 | ppl     4.99 | lr 3.05e-04 | gnorm   1.09 |    17358 tok/s
step  21050 | loss  1.597 | ppl     4.94 | lr 3.05e-04 | gnorm   1.10 |    17365 tok/s
step  21100 | loss  1.600 | ppl     4.96 | lr 3.04e-04 | gnorm   1.05 |    17344 tok/s
step  21150 | loss  1.622 | ppl     5.06 | lr 3.04e-04 | gnorm   1.14 |    17412 tok/s
step  21200 | loss  1.646 | ppl     5.19 | lr 3.04e-04 | gnorm   1.19 |    17392 tok/s
step  21250 | loss  1.618 | ppl     5.04 | lr 3.03e-04 | gnorm   1.13 |    15915 tok/s
step  21300 | loss  1.584 | ppl     4.88 | lr 3.03e-04 | gnorm   1.15 |    16927 tok/s
step  21350 | loss  1.641 | ppl     5.16 | lr 3.02e-04 | gnorm   1.33 |    16700 tok/s
step  21400 | loss  1.631 | ppl     5.11 | lr 3.02e-04 | gnorm   1.29 |    17198 tok/s
step  21450 | loss  1.615 | ppl     5.03 | lr 3.02e-04 | gnorm   1.15 |    17052 tok/s
step  21500 | loss  1.621 | ppl     5.06 | lr 3.01e-04 | gnorm   1.19 |    17024 tok/s
step  21550 | loss  1.605 | ppl     4.98 | lr 3.01e-04 | gnorm   1.20 |    16180 tok/s
step  21600 | loss  1.613 | ppl     5.02 | lr 3.01e-04 | gnorm   1.21 |    17379 tok/s
step  21650 | loss  1.631 | ppl     5.11 | lr 3.00e-04 | gnorm   1.19 |    17285 tok/s
step  21700 | loss  1.648 | ppl     5.20 | lr 3.00e-04 | gnorm   1.41 |    17385 tok/s
step  21750 | loss  1.621 | ppl     5.06 | lr 3.00e-04 | gnorm   1.11 |    17290 tok/s
step  21800 | loss  1.618 | ppl     5.04 | lr 2.99e-04 | gnorm   1.11 |    16967 tok/s
step  21850 | loss  1.547 | ppl     4.70 | lr 2.99e-04 | gnorm   1.12 |    16061 tok/s
step  21900 | loss  1.593 | ppl     4.92 | lr 2.99e-04 | gnorm   1.14 |    17187 tok/s
step  21950 | loss  1.589 | ppl     4.90 | lr 2.98e-04 | gnorm   1.15 |    17226 tok/s
step  22000 | loss  1.577 | ppl     4.84 | lr 2.98e-04 | gnorm   1.07 |    17294 tok/s
  [eval @ 22000] val_loss 3.997 | val_ppl 54.46 | BLEU 20.73
step  22050 | loss  1.641 | ppl     5.16 | lr 2.98e-04 | gnorm   1.24 |     4565 tok/s
step  22100 | loss  1.630 | ppl     5.10 | lr 2.97e-04 | gnorm   1.26 |    17258 tok/s
step  22150 | loss  1.594 | ppl     4.92 | lr 2.97e-04 | gnorm   1.06 |    16216 tok/s
step  22200 | loss  1.611 | ppl     5.01 | lr 2.97e-04 | gnorm   1.27 |    16531 tok/s
step  22250 | loss  1.591 | ppl     4.91 | lr 2.96e-04 | gnorm   1.21 |    16636 tok/s
step  22300 | loss  1.617 | ppl     5.04 | lr 2.96e-04 | gnorm   1.18 |    17364 tok/s
step  22350 | loss  1.629 | ppl     5.10 | lr 2.96e-04 | gnorm   1.19 |    17173 tok/s
step  22400 | loss  1.613 | ppl     5.02 | lr 2.95e-04 | gnorm   1.32 |    17405 tok/s
step  22450 | loss  1.581 | ppl     4.86 | lr 2.95e-04 | gnorm   1.21 |    16274 tok/s
step  22500 | loss  1.608 | ppl     5.00 | lr 2.95e-04 | gnorm   1.27 |    17285 tok/s
step  22550 | loss  1.598 | ppl     4.94 | lr 2.94e-04 | gnorm   1.17 |    17373 tok/s
step  22600 | loss  1.595 | ppl     4.93 | lr 2.94e-04 | gnorm   1.20 |    17125 tok/s
step  22650 | loss  1.600 | ppl     4.95 | lr 2.94e-04 | gnorm   1.03 |    17248 tok/s
step  22700 | loss  1.599 | ppl     4.95 | lr 2.93e-04 | gnorm   1.20 |    17091 tok/s
step  22750 | loss  1.564 | ppl     4.78 | lr 2.93e-04 | gnorm   1.07 |    16556 tok/s
step  22800 | loss  1.618 | ppl     5.04 | lr 2.93e-04 | gnorm   1.32 |    16425 tok/s
step  22850 | loss  1.571 | ppl     4.81 | lr 2.92e-04 | gnorm   1.11 |    16296 tok/s
step  22900 | loss  1.613 | ppl     5.02 | lr 2.92e-04 | gnorm   1.12 |    16472 tok/s
step  22950 | loss  1.580 | ppl     4.86 | lr 2.92e-04 | gnorm   1.10 |    16427 tok/s
step  23000 | loss  1.606 | ppl     4.98 | lr 2.91e-04 | gnorm   1.20 |    17230 tok/s
step  23050 | loss  1.569 | ppl     4.80 | lr 2.91e-04 | gnorm   1.10 |    16491 tok/s
step  23100 | loss  1.587 | ppl     4.89 | lr 2.91e-04 | gnorm   1.10 |    17086 tok/s
step  23150 | loss  1.604 | ppl     4.97 | lr 2.90e-04 | gnorm   1.11 |    17501 tok/s
step  23200 | loss  1.565 | ppl     4.78 | lr 2.90e-04 | gnorm   0.98 |    17304 tok/s
step  23250 | loss  1.593 | ppl     4.92 | lr 2.90e-04 | gnorm   1.19 |    17302 tok/s
step  23300 | loss  1.618 | ppl     5.04 | lr 2.90e-04 | gnorm   1.34 |    17223 tok/s
step  23350 | loss  1.579 | ppl     4.85 | lr 2.89e-04 | gnorm   1.10 |    16133 tok/s
step  23400 | loss  1.551 | ppl     4.72 | lr 2.89e-04 | gnorm   1.00 |    17301 tok/s
step  23450 | loss  1.571 | ppl     4.81 | lr 2.89e-04 | gnorm   1.04 |    17188 tok/s
step  23500 | loss  1.587 | ppl     4.89 | lr 2.88e-04 | gnorm   1.11 |    17551 tok/s
step  23550 | loss  1.580 | ppl     4.86 | lr 2.88e-04 | gnorm   1.16 |    17140 tok/s
step  23600 | loss  1.591 | ppl     4.91 | lr 2.88e-04 | gnorm   1.15 |    17263 tok/s
step  23650 | loss  1.562 | ppl     4.77 | lr 2.87e-04 | gnorm   1.47 |    16226 tok/s
step  23700 | loss  1.574 | ppl     4.82 | lr 2.87e-04 | gnorm   1.04 |    17275 tok/s
step  23750 | loss  1.574 | ppl     4.83 | lr 2.87e-04 | gnorm   1.11 |    17274 tok/s
step  23800 | loss  1.573 | ppl     4.82 | lr 2.86e-04 | gnorm   1.06 |    17105 tok/s
step  23850 | loss  1.596 | ppl     4.93 | lr 2.86e-04 | gnorm   1.14 |    17153 tok/s
step  23900 | loss  1.599 | ppl     4.95 | lr 2.86e-04 | gnorm   1.27 |    17382 tok/s
step  23950 | loss  1.575 | ppl     4.83 | lr 2.86e-04 | gnorm   1.35 |    16359 tok/s
step  24000 | loss  1.580 | ppl     4.85 | lr 2.85e-04 | gnorm   1.04 |    17441 tok/s
  [eval @ 24000] val_loss 4.005 | val_ppl 54.86 | BLEU 20.54
step  24050 | loss  1.604 | ppl     4.97 | lr 2.85e-04 | gnorm   1.18 |     4413 tok/s
step  24100 | loss  1.579 | ppl     4.85 | lr 2.85e-04 | gnorm   1.10 |    17197 tok/s
step  24150 | loss  1.583 | ppl     4.87 | lr 2.84e-04 | gnorm   1.20 |    17464 tok/s
step  24200 | loss  1.608 | ppl     4.99 | lr 2.84e-04 | gnorm   1.17 |    17321 tok/s
step  24250 | loss  1.560 | ppl     4.76 | lr 2.84e-04 | gnorm   1.22 |    16411 tok/s
step  24300 | loss  1.566 | ppl     4.79 | lr 2.84e-04 | gnorm   1.09 |    17176 tok/s
step  24350 | loss  1.572 | ppl     4.81 | lr 2.83e-04 | gnorm   1.04 |    17334 tok/s
step  24400 | loss  1.596 | ppl     4.93 | lr 2.83e-04 | gnorm   1.10 |    17070 tok/s
step  24450 | loss  1.588 | ppl     4.90 | lr 2.83e-04 | gnorm   1.10 |    17360 tok/s
step  24500 | loss  1.591 | ppl     4.91 | lr 2.82e-04 | gnorm   1.09 |    17204 tok/s
step  24550 | loss  1.555 | ppl     4.74 | lr 2.82e-04 | gnorm   1.06 |    16329 tok/s
step  24600 | loss  1.560 | ppl     4.76 | lr 2.82e-04 | gnorm   1.11 |    17406 tok/s
step  24650 | loss  1.548 | ppl     4.70 | lr 2.81e-04 | gnorm   1.06 |    17127 tok/s
step  24700 | loss  1.587 | ppl     4.89 | lr 2.81e-04 | gnorm   1.17 |    17411 tok/s
step  24750 | loss  1.583 | ppl     4.87 | lr 2.81e-04 | gnorm   1.12 |    17030 tok/s
step  24800 | loss  1.589 | ppl     4.90 | lr 2.81e-04 | gnorm   1.26 |    17244 tok/s
step  24850 | loss  1.569 | ppl     4.80 | lr 2.80e-04 | gnorm   1.09 |    16431 tok/s
step  24900 | loss  1.535 | ppl     4.64 | lr 2.80e-04 | gnorm   0.99 |    17212 tok/s
step  24950 | loss  1.565 | ppl     4.78 | lr 2.80e-04 | gnorm   1.11 |    16987 tok/s
step  25000 | loss  1.601 | ppl     4.96 | lr 2.80e-04 | gnorm   1.26 |    17374 tok/s
step  25050 | loss  1.593 | ppl     4.92 | lr 2.79e-04 | gnorm   1.30 |    17166 tok/s
step  25100 | loss  1.588 | ppl     4.90 | lr 2.79e-04 | gnorm   1.28 |    17249 tok/s
step  25150 | loss  1.594 | ppl     4.93 | lr 2.79e-04 | gnorm   1.24 |    16103 tok/s
step  25200 | loss  1.555 | ppl     4.74 | lr 2.78e-04 | gnorm   1.02 |    17286 tok/s
step  25250 | loss  1.570 | ppl     4.81 | lr 2.78e-04 | gnorm   1.08 |    17153 tok/s
step  25300 | loss  1.573 | ppl     4.82 | lr 2.78e-04 | gnorm   1.03 |    17439 tok/s
step  25350 | loss  1.594 | ppl     4.92 | lr 2.78e-04 | gnorm   1.27 |    17148 tok/s
step  25400 | loss  1.559 | ppl     4.75 | lr 2.77e-04 | gnorm   1.08 |    17373 tok/s
step  25450 | loss  1.558 | ppl     4.75 | lr 2.77e-04 | gnorm   1.02 |    17233 tok/s
step  25500 | loss  1.566 | ppl     4.79 | lr 2.77e-04 | gnorm   1.08 |    16246 tok/s
step  25550 | loss  1.527 | ppl     4.60 | lr 2.76e-04 | gnorm   1.07 |    16911 tok/s
step  25600 | loss  1.583 | ppl     4.87 | lr 2.76e-04 | gnorm   1.23 |    16924 tok/s
step  25650 | loss  1.591 | ppl     4.91 | lr 2.76e-04 | gnorm   1.10 |    16484 tok/s
step  25700 | loss  1.584 | ppl     4.87 | lr 2.76e-04 | gnorm   1.12 |    16920 tok/s
step  25750 | loss  1.595 | ppl     4.93 | lr 2.75e-04 | gnorm   1.23 |    17339 tok/s
step  25800 | loss  1.533 | ppl     4.63 | lr 2.75e-04 | gnorm   0.97 |    16164 tok/s
step  25850 | loss  1.556 | ppl     4.74 | lr 2.75e-04 | gnorm   1.03 |    17445 tok/s
step  25900 | loss  1.551 | ppl     4.71 | lr 2.75e-04 | gnorm   1.03 |    17242 tok/s
step  25950 | loss  1.585 | ppl     4.88 | lr 2.74e-04 | gnorm   1.30 |    17248 tok/s
step  26000 | loss  1.555 | ppl     4.73 | lr 2.74e-04 | gnorm   1.00 |    17304 tok/s
  [eval @ 26000] val_loss 4.026 | val_ppl 56.02 | BLEU 20.57
step  26050 | loss  1.568 | ppl     4.79 | lr 2.74e-04 | gnorm   1.20 |     4391 tok/s
step  26100 | loss  1.573 | ppl     4.82 | lr 2.74e-04 | gnorm   1.08 |    15749 tok/s
step  26150 | loss  1.550 | ppl     4.71 | lr 2.73e-04 | gnorm   1.12 |    16903 tok/s
step  26200 | loss  1.603 | ppl     4.97 | lr 2.73e-04 | gnorm   1.49 |    16963 tok/s
step  26250 | loss  1.556 | ppl     4.74 | lr 2.73e-04 | gnorm   1.07 |    16714 tok/s
step  26300 | loss  1.533 | ppl     4.63 | lr 2.73e-04 | gnorm   1.02 |    16831 tok/s
step  26350 | loss  1.601 | ppl     4.96 | lr 2.72e-04 | gnorm   1.22 |    17035 tok/s
step  26400 | loss  1.531 | ppl     4.62 | lr 2.72e-04 | gnorm   1.08 |    15770 tok/s
step  26450 | loss  1.527 | ppl     4.60 | lr 2.72e-04 | gnorm   1.01 |    16487 tok/s
step  26500 | loss  1.566 | ppl     4.79 | lr 2.71e-04 | gnorm   1.17 |    16351 tok/s
step  26550 | loss  1.604 | ppl     4.97 | lr 2.71e-04 | gnorm   1.14 |    17109 tok/s
step  26600 | loss  1.580 | ppl     4.85 | lr 2.71e-04 | gnorm   1.19 |    16869 tok/s
step  26650 | loss  1.560 | ppl     4.76 | lr 2.71e-04 | gnorm   1.03 |    17081 tok/s
step  26700 | loss  1.538 | ppl     4.65 | lr 2.70e-04 | gnorm   1.00 |    15940 tok/s
step  26750 | loss  1.549 | ppl     4.71 | lr 2.70e-04 | gnorm   1.03 |    16908 tok/s
step  26800 | loss  1.560 | ppl     4.76 | lr 2.70e-04 | gnorm   1.03 |    16901 tok/s
step  26850 | loss  1.541 | ppl     4.67 | lr 2.70e-04 | gnorm   1.04 |    16867 tok/s
step  26900 | loss  1.584 | ppl     4.87 | lr 2.69e-04 | gnorm   1.14 |    17028 tok/s
step  26950 | loss  1.578 | ppl     4.85 | lr 2.69e-04 | gnorm   1.17 |    17127 tok/s
step  27000 | loss  1.527 | ppl     4.61 | lr 2.69e-04 | gnorm   0.98 |    15781 tok/s
step  27050 | loss  1.560 | ppl     4.76 | lr 2.69e-04 | gnorm   1.05 |    16850 tok/s
step  27100 | loss  1.557 | ppl     4.75 | lr 2.68e-04 | gnorm   1.12 |    16933 tok/s
step  27150 | loss  1.550 | ppl     4.71 | lr 2.68e-04 | gnorm   1.10 |    16735 tok/s
step  27200 | loss  1.545 | ppl     4.69 | lr 2.68e-04 | gnorm   0.96 |    17130 tok/s
step  27250 | loss  1.564 | ppl     4.78 | lr 2.68e-04 | gnorm   1.15 |    17066 tok/s
step  27300 | loss  1.535 | ppl     4.64 | lr 2.67e-04 | gnorm   1.04 |    15943 tok/s
step  27350 | loss  1.543 | ppl     4.68 | lr 2.67e-04 | gnorm   1.07 |    16561 tok/s
step  27400 | loss  1.541 | ppl     4.67 | lr 2.67e-04 | gnorm   1.22 |    16706 tok/s
step  27450 | loss  1.556 | ppl     4.74 | lr 2.67e-04 | gnorm   1.12 |    16599 tok/s
step  27500 | loss  1.571 | ppl     4.81 | lr 2.67e-04 | gnorm   1.21 |    16565 tok/s
step  27550 | loss  1.554 | ppl     4.73 | lr 2.66e-04 | gnorm   1.12 |    16875 tok/s
step  27600 | loss  1.561 | ppl     4.76 | lr 2.66e-04 | gnorm   1.29 |    15512 tok/s
step  27650 | loss  1.547 | ppl     4.70 | lr 2.66e-04 | gnorm   1.11 |    17027 tok/s
step  27700 | loss  1.536 | ppl     4.65 | lr 2.66e-04 | gnorm   0.98 |    16913 tok/s
step  27750 | loss  1.551 | ppl     4.71 | lr 2.65e-04 | gnorm   1.22 |    16983 tok/s
step  27800 | loss  1.543 | ppl     4.68 | lr 2.65e-04 | gnorm   1.24 |    16942 tok/s
step  27850 | loss  1.547 | ppl     4.70 | lr 2.65e-04 | gnorm   1.07 |    17313 tok/s
step  27900 | loss  1.517 | ppl     4.56 | lr 2.65e-04 | gnorm   0.95 |    16246 tok/s
step  27950 | loss  1.516 | ppl     4.55 | lr 2.64e-04 | gnorm   1.02 |    17157 tok/s
step  28000 | loss  1.542 | ppl     4.67 | lr 2.64e-04 | gnorm   1.17 |    17201 tok/s
  [eval @ 28000] val_loss 4.022 | val_ppl 55.82 | BLEU 20.63
step  28050 | loss  1.539 | ppl     4.66 | lr 2.64e-04 | gnorm   1.03 |     4330 tok/s
step  28100 | loss  1.556 | ppl     4.74 | lr 2.64e-04 | gnorm   1.23 |    17298 tok/s
step  28150 | loss  1.556 | ppl     4.74 | lr 2.63e-04 | gnorm   1.03 |    17467 tok/s
step  28200 | loss  1.526 | ppl     4.60 | lr 2.63e-04 | gnorm   1.11 |    16016 tok/s
step  28250 | loss  1.517 | ppl     4.56 | lr 2.63e-04 | gnorm   1.03 |    17183 tok/s
step  28300 | loss  1.526 | ppl     4.60 | lr 2.63e-04 | gnorm   0.93 |    16909 tok/s
step  28350 | loss  1.557 | ppl     4.74 | lr 2.62e-04 | gnorm   1.04 |    16918 tok/s
step  28400 | loss  1.573 | ppl     4.82 | lr 2.62e-04 | gnorm   1.26 |    17637 tok/s
step  28450 | loss  1.564 | ppl     4.78 | lr 2.62e-04 | gnorm   1.22 |    17473 tok/s
step  28500 | loss  1.528 | ppl     4.61 | lr 2.62e-04 | gnorm   0.99 |    16226 tok/s
step  28550 | loss  1.523 | ppl     4.59 | lr 2.62e-04 | gnorm   0.97 |    17198 tok/s
step  28600 | loss  1.531 | ppl     4.62 | lr 2.61e-04 | gnorm   1.15 |    17410 tok/s
step  28650 | loss  1.551 | ppl     4.72 | lr 2.61e-04 | gnorm   0.98 |    17247 tok/s
step  28700 | loss  1.550 | ppl     4.71 | lr 2.61e-04 | gnorm   0.99 |    17368 tok/s
step  28750 | loss  1.533 | ppl     4.63 | lr 2.61e-04 | gnorm   1.00 |    16790 tok/s
step  28800 | loss  1.508 | ppl     4.52 | lr 2.60e-04 | gnorm   0.94 |    16286 tok/s
step  28850 | loss  1.517 | ppl     4.56 | lr 2.60e-04 | gnorm   0.88 |    16834 tok/s
step  28900 | loss  1.528 | ppl     4.61 | lr 2.60e-04 | gnorm   1.02 |    16975 tok/s
step  28950 | loss  1.534 | ppl     4.64 | lr 2.60e-04 | gnorm   0.96 |    16932 tok/s
step  29000 | loss  1.536 | ppl     4.65 | lr 2.60e-04 | gnorm   1.09 |    17027 tok/s
step  29050 | loss  1.556 | ppl     4.74 | lr 2.59e-04 | gnorm   1.14 |    16747 tok/s
step  29100 | loss  1.530 | ppl     4.62 | lr 2.59e-04 | gnorm   1.17 |    15999 tok/s
step  29150 | loss  1.527 | ppl     4.60 | lr 2.59e-04 | gnorm   1.01 |    17014 tok/s
step  29200 | loss  1.529 | ppl     4.61 | lr 2.59e-04 | gnorm   0.98 |    17134 tok/s
step  29250 | loss  1.523 | ppl     4.58 | lr 2.58e-04 | gnorm   1.26 |    17302 tok/s
step  29300 | loss  1.541 | ppl     4.67 | lr 2.58e-04 | gnorm   1.18 |    17128 tok/s
step  29350 | loss  1.543 | ppl     4.68 | lr 2.58e-04 | gnorm   1.06 |    17263 tok/s
step  29400 | loss  1.502 | ppl     4.49 | lr 2.58e-04 | gnorm   0.95 |    16353 tok/s
step  29450 | loss  1.529 | ppl     4.61 | lr 2.58e-04 | gnorm   0.98 |    16881 tok/s
step  29500 | loss  1.511 | ppl     4.53 | lr 2.57e-04 | gnorm   1.03 |    17061 tok/s
step  29550 | loss  1.519 | ppl     4.57 | lr 2.57e-04 | gnorm   1.00 |    16998 tok/s
step  29600 | loss  1.541 | ppl     4.67 | lr 2.57e-04 | gnorm   1.13 |    16734 tok/s
step  29650 | loss  1.549 | ppl     4.71 | lr 2.57e-04 | gnorm   1.03 |    17034 tok/s
step  29700 | loss  1.508 | ppl     4.52 | lr 2.56e-04 | gnorm   1.03 |    15927 tok/s
step  29750 | loss  1.506 | ppl     4.51 | lr 2.56e-04 | gnorm   0.95 |    17106 tok/s
step  29800 | loss  1.540 | ppl     4.66 | lr 2.56e-04 | gnorm   1.15 |    17131 tok/s
step  29850 | loss  1.527 | ppl     4.61 | lr 2.56e-04 | gnorm   1.16 |    17165 tok/s
step  29900 | loss  1.547 | ppl     4.70 | lr 2.56e-04 | gnorm   1.03 |    16848 tok/s
step  29950 | loss  1.533 | ppl     4.63 | lr 2.55e-04 | gnorm   1.20 |    17225 tok/s
step  30000 | loss  1.520 | ppl     4.57 | lr 2.55e-04 | gnorm   0.92 |    16050 tok/s
  [eval @ 30000] val_loss 4.011 | val_ppl 55.20 | BLEU 20.65
step  30050 | loss  1.510 | ppl     4.53 | lr 2.55e-04 | gnorm   0.99 |     4483 tok/s
step  30100 | loss  1.515 | ppl     4.55 | lr 2.55e-04 | gnorm   0.99 |    17067 tok/s
step  30150 | loss  1.543 | ppl     4.68 | lr 2.55e-04 | gnorm   1.04 |    16856 tok/s
step  30200 | loss  1.546 | ppl     4.69 | lr 2.54e-04 | gnorm   1.93 |    16941 tok/s
step  30250 | loss  1.546 | ppl     4.69 | lr 2.54e-04 | gnorm   1.12 |    17002 tok/s
step  30300 | loss  1.523 | ppl     4.59 | lr 2.54e-04 | gnorm   3.10 |    16648 tok/s
step  30350 | loss  1.505 | ppl     4.51 | lr 2.54e-04 | gnorm   1.00 |    16209 tok/s
step  30400 | loss  1.520 | ppl     4.57 | lr 2.53e-04 | gnorm   1.10 |    17097 tok/s
step  30450 | loss  1.511 | ppl     4.53 | lr 2.53e-04 | gnorm   1.01 |    16902 tok/s
step  30500 | loss  1.507 | ppl     4.51 | lr 2.53e-04 | gnorm   1.07 |    16773 tok/s
step  30550 | loss  1.530 | ppl     4.62 | lr 2.53e-04 | gnorm   1.02 |    17038 tok/s
step  30600 | loss  1.545 | ppl     4.69 | lr 2.53e-04 | gnorm   1.06 |    17232 tok/s
step  30650 | loss  1.529 | ppl     4.61 | lr 2.52e-04 | gnorm   0.99 |    15450 tok/s
step  30700 | loss  1.519 | ppl     4.57 | lr 2.52e-04 | gnorm   0.95 |    16489 tok/s
step  30750 | loss  1.515 | ppl     4.55 | lr 2.52e-04 | gnorm   0.96 |    16245 tok/s
step  30800 | loss  1.530 | ppl     4.62 | lr 2.52e-04 | gnorm   1.02 |    16681 tok/s
step  30850 | loss  1.527 | ppl     4.60 | lr 2.52e-04 | gnorm   1.09 |    17306 tok/s
step  30900 | loss  1.541 | ppl     4.67 | lr 2.51e-04 | gnorm   1.03 |    17436 tok/s
step  30950 | loss  1.521 | ppl     4.58 | lr 2.51e-04 | gnorm   1.07 |    15915 tok/s
step  31000 | loss  1.524 | ppl     4.59 | lr 2.51e-04 | gnorm   1.02 |    17009 tok/s
step  31050 | loss  1.518 | ppl     4.56 | lr 2.51e-04 | gnorm   1.09 |    17052 tok/s
step  31100 | loss  1.525 | ppl     4.59 | lr 2.51e-04 | gnorm   1.13 |    16444 tok/s
step  31150 | loss  1.539 | ppl     4.66 | lr 2.50e-04 | gnorm   0.97 |    17224 tok/s
step  31200 | loss  1.551 | ppl     4.71 | lr 2.50e-04 | gnorm   1.05 |    17123 tok/s
step  31250 | loss  1.517 | ppl     4.56 | lr 2.50e-04 | gnorm   1.19 |    16135 tok/s
step  31300 | loss  1.516 | ppl     4.55 | lr 2.50e-04 | gnorm   0.90 |    17148 tok/s
step  31350 | loss  1.523 | ppl     4.58 | lr 2.50e-04 | gnorm   0.95 |    17291 tok/s
step  31400 | loss  1.527 | ppl     4.60 | lr 2.49e-04 | gnorm   1.01 |    16836 tok/s
step  31450 | loss  1.525 | ppl     4.60 | lr 2.49e-04 | gnorm   1.04 |    16851 tok/s
step  31500 | loss  1.533 | ppl     4.63 | lr 2.49e-04 | gnorm   1.30 |    17118 tok/s
step  31550 | loss  1.522 | ppl     4.58 | lr 2.49e-04 | gnorm   1.20 |    16031 tok/s
step  31600 | loss  1.515 | ppl     4.55 | lr 2.49e-04 | gnorm   1.11 |    17212 tok/s
step  31650 | loss  1.512 | ppl     4.54 | lr 2.48e-04 | gnorm   1.00 |    17125 tok/s
step  31700 | loss  1.516 | ppl     4.55 | lr 2.48e-04 | gnorm   1.02 |    17106 tok/s
step  31750 | loss  1.535 | ppl     4.64 | lr 2.48e-04 | gnorm   0.99 |    17033 tok/s
step  31800 | loss  1.514 | ppl     4.54 | lr 2.48e-04 | gnorm   0.97 |    17210 tok/s
step  31850 | loss  1.497 | ppl     4.47 | lr 2.48e-04 | gnorm   0.98 |    15767 tok/s
step  31900 | loss  1.488 | ppl     4.43 | lr 2.47e-04 | gnorm   0.83 |    16840 tok/s
step  31950 | loss  1.515 | ppl     4.55 | lr 2.47e-04 | gnorm   0.96 |    16770 tok/s
step  32000 | loss  1.533 | ppl     4.63 | lr 2.47e-04 | gnorm   1.04 |    17247 tok/s
  [eval @ 32000] val_loss 4.027 | val_ppl 56.09 | BLEU 21.15
step  32050 | loss  1.538 | ppl     4.65 | lr 2.47e-04 | gnorm   1.05 |     4498 tok/s
step  32100 | loss  1.529 | ppl     4.61 | lr 2.47e-04 | gnorm   1.08 |    17088 tok/s
step  32150 | loss  1.492 | ppl     4.45 | lr 2.46e-04 | gnorm   0.85 |    16207 tok/s
step  32200 | loss  1.524 | ppl     4.59 | lr 2.46e-04 | gnorm   1.02 |    17250 tok/s
step  32250 | loss  1.523 | ppl     4.59 | lr 2.46e-04 | gnorm   1.07 |    17154 tok/s
step  32300 | loss  1.510 | ppl     4.53 | lr 2.46e-04 | gnorm   1.05 |    17094 tok/s
step  32350 | loss  1.518 | ppl     4.57 | lr 2.46e-04 | gnorm   1.05 |    17070 tok/s
step  32400 | loss  1.550 | ppl     4.71 | lr 2.46e-04 | gnorm   1.07 |    17387 tok/s
step  32450 | loss  1.491 | ppl     4.44 | lr 2.45e-04 | gnorm   0.95 |    15877 tok/s
step  32500 | loss  1.523 | ppl     4.59 | lr 2.45e-04 | gnorm   1.95 |    17183 tok/s
step  32550 | loss  1.501 | ppl     4.49 | lr 2.45e-04 | gnorm   0.91 |    16918 tok/s
step  32600 | loss  1.530 | ppl     4.62 | lr 2.45e-04 | gnorm   1.02 |    16930 tok/s
step  32650 | loss  1.524 | ppl     4.59 | lr 2.45e-04 | gnorm   1.15 |    16832 tok/s
step  32700 | loss  1.518 | ppl     4.57 | lr 2.44e-04 | gnorm   1.12 |    17114 tok/s
step  32750 | loss  1.503 | ppl     4.50 | lr 2.44e-04 | gnorm   0.93 |    15874 tok/s
step  32800 | loss  1.483 | ppl     4.40 | lr 2.44e-04 | gnorm   0.91 |    17007 tok/s
step  32850 | loss  1.526 | ppl     4.60 | lr 2.44e-04 | gnorm   1.07 |    17127 tok/s
step  32900 | loss  1.510 | ppl     4.53 | lr 2.44e-04 | gnorm   1.08 |    16918 tok/s
step  32950 | loss  1.504 | ppl     4.50 | lr 2.43e-04 | gnorm   1.03 |    17130 tok/s
step  33000 | loss  1.510 | ppl     4.53 | lr 2.43e-04 | gnorm   1.11 |    17182 tok/s
step  33050 | loss  1.495 | ppl     4.46 | lr 2.43e-04 | gnorm   1.05 |    15817 tok/s
step  33100 | loss  1.546 | ppl     4.69 | lr 2.43e-04 | gnorm   1.19 |    16582 tok/s
step  33150 | loss  1.541 | ppl     4.67 | lr 2.43e-04 | gnorm   1.16 |    17149 tok/s
step  33200 | loss  1.511 | ppl     4.53 | lr 2.43e-04 | gnorm   0.91 |    17362 tok/s
step  33250 | loss  1.495 | ppl     4.46 | lr 2.42e-04 | gnorm   0.99 |    17029 tok/s
step  33300 | loss  1.511 | ppl     4.53 | lr 2.42e-04 | gnorm   1.90 |    17331 tok/s
step  33350 | loss  1.492 | ppl     4.44 | lr 2.42e-04 | gnorm   0.91 |    16016 tok/s
step  33400 | loss  1.480 | ppl     4.39 | lr 2.42e-04 | gnorm   0.88 |    16721 tok/s
step  33450 | loss  1.493 | ppl     4.45 | lr 2.42e-04 | gnorm   1.00 |    16870 tok/s
step  33500 | loss  1.517 | ppl     4.56 | lr 2.41e-04 | gnorm   1.01 |    16734 tok/s
step  33550 | loss  1.518 | ppl     4.56 | lr 2.41e-04 | gnorm   0.99 |    17004 tok/s
step  33600 | loss  1.522 | ppl     4.58 | lr 2.41e-04 | gnorm   1.06 |    17053 tok/s
step  33650 | loss  1.502 | ppl     4.49 | lr 2.41e-04 | gnorm   0.87 |    16097 tok/s
step  33700 | loss  1.483 | ppl     4.41 | lr 2.41e-04 | gnorm   0.86 |    17159 tok/s
step  33750 | loss  1.509 | ppl     4.52 | lr 2.41e-04 | gnorm   0.95 |    16884 tok/s
step  33800 | loss  1.517 | ppl     4.56 | lr 2.40e-04 | gnorm   1.10 |    17046 tok/s
step  33850 | loss  1.517 | ppl     4.56 | lr 2.40e-04 | gnorm   1.10 |    17078 tok/s
step  33900 | loss  1.493 | ppl     4.45 | lr 2.40e-04 | gnorm   0.90 |    17134 tok/s
step  33950 | loss  1.484 | ppl     4.41 | lr 2.40e-04 | gnorm   0.87 |    16516 tok/s
step  34000 | loss  1.477 | ppl     4.38 | lr 2.40e-04 | gnorm   0.88 |    17364 tok/s
  [eval @ 34000] val_loss 4.011 | val_ppl 55.17 | BLEU 21.00
step  34050 | loss  1.497 | ppl     4.47 | lr 2.40e-04 | gnorm   0.94 |     4590 tok/s
step  34100 | loss  1.497 | ppl     4.47 | lr 2.39e-04 | gnorm   0.96 |    16883 tok/s
step  34150 | loss  1.513 | ppl     4.54 | lr 2.39e-04 | gnorm   1.08 |    17304 tok/s
step  34200 | loss  1.526 | ppl     4.60 | lr 2.39e-04 | gnorm   1.00 |    16909 tok/s
step  34250 | loss  1.491 | ppl     4.44 | lr 2.39e-04 | gnorm   0.89 |    16286 tok/s
step  34300 | loss  1.489 | ppl     4.43 | lr 2.39e-04 | gnorm   0.93 |    17013 tok/s
step  34350 | loss  1.509 | ppl     4.52 | lr 2.38e-04 | gnorm   0.98 |    17200 tok/s
step  34400 | loss  1.506 | ppl     4.51 | lr 2.38e-04 | gnorm   1.02 |    17328 tok/s
step  34450 | loss  1.515 | ppl     4.55 | lr 2.38e-04 | gnorm   1.11 |    17140 tok/s
step  34500 | loss  1.506 | ppl     4.51 | lr 2.38e-04 | gnorm   1.03 |    17009 tok/s
step  34550 | loss  1.480 | ppl     4.39 | lr 2.38e-04 | gnorm   0.97 |    16022 tok/s
step  34600 | loss  1.510 | ppl     4.53 | lr 2.38e-04 | gnorm   1.21 |    16902 tok/s
step  34650 | loss  1.500 | ppl     4.48 | lr 2.37e-04 | gnorm   1.02 |    17169 tok/s
step  34700 | loss  1.481 | ppl     4.40 | lr 2.37e-04 | gnorm   0.90 |    17226 tok/s
step  34750 | loss  1.508 | ppl     4.52 | lr 2.37e-04 | gnorm   1.17 |    17185 tok/s
step  34800 | loss  1.518 | ppl     4.56 | lr 2.37e-04 | gnorm   1.09 |    17054 tok/s
step  34850 | loss  1.483 | ppl     4.41 | lr 2.37e-04 | gnorm   0.99 |    15756 tok/s
step  34900 | loss  1.500 | ppl     4.48 | lr 2.37e-04 | gnorm   0.94 |    17011 tok/s
step  34950 | loss  1.497 | ppl     4.47 | lr 2.36e-04 | gnorm   0.97 |    16989 tok/s
step  35000 | loss  1.500 | ppl     4.48 | lr 2.36e-04 | gnorm   1.02 |    17039 tok/s
step  35050 | loss  1.518 | ppl     4.56 | lr 2.36e-04 | gnorm   1.17 |    17302 tok/s
step  35100 | loss  1.514 | ppl     4.54 | lr 2.36e-04 | gnorm   1.29 |    17016 tok/s
step  35150 | loss  1.502 | ppl     4.49 | lr 2.36e-04 | gnorm   0.97 |    16295 tok/s
step  35200 | loss  1.499 | ppl     4.48 | lr 2.36e-04 | gnorm   0.95 |    16765 tok/s
step  35250 | loss  1.488 | ppl     4.43 | lr 2.35e-04 | gnorm   0.97 |    16906 tok/s
step  35300 | loss  1.489 | ppl     4.43 | lr 2.35e-04 | gnorm   0.97 |    17286 tok/s
step  35350 | loss  1.515 | ppl     4.55 | lr 2.35e-04 | gnorm   1.06 |    16781 tok/s
step  35400 | loss  1.514 | ppl     4.54 | lr 2.35e-04 | gnorm   1.14 |    16963 tok/s
step  35450 | loss  1.514 | ppl     4.55 | lr 2.35e-04 | gnorm   1.07 |    16969 tok/s
step  35500 | loss  1.500 | ppl     4.48 | lr 2.35e-04 | gnorm   0.93 |    16235 tok/s
step  35550 | loss  1.504 | ppl     4.50 | lr 2.34e-04 | gnorm   1.03 |    16955 tok/s
step  35600 | loss  1.499 | ppl     4.48 | lr 2.34e-04 | gnorm   1.05 |    17218 tok/s
step  35650 | loss  1.496 | ppl     4.46 | lr 2.34e-04 | gnorm   0.87 |    17043 tok/s
step  35700 | loss  1.515 | ppl     4.55 | lr 2.34e-04 | gnorm   1.04 |    17234 tok/s
step  35750 | loss  1.495 | ppl     4.46 | lr 2.34e-04 | gnorm   0.96 |    17192 tok/s
step  35800 | loss  1.504 | ppl     4.50 | lr 2.34e-04 | gnorm   1.02 |    16206 tok/s
step  35850 | loss  1.475 | ppl     4.37 | lr 2.33e-04 | gnorm   1.05 |    17059 tok/s
step  35900 | loss  1.501 | ppl     4.49 | lr 2.33e-04 | gnorm   0.99 |    16933 tok/s
step  35950 | loss  1.522 | ppl     4.58 | lr 2.33e-04 | gnorm   1.05 |    16889 tok/s
step  36000 | loss  1.502 | ppl     4.49 | lr 2.33e-04 | gnorm   0.95 |    17033 tok/s
  [eval @ 36000] val_loss 4.014 | val_ppl 55.38 | BLEU 20.70
step  36050 | loss  1.529 | ppl     4.61 | lr 2.33e-04 | gnorm   1.10 |     4560 tok/s
step  36100 | loss  1.473 | ppl     4.36 | lr 2.33e-04 | gnorm   0.85 |    16104 tok/s
step  36150 | loss  1.480 | ppl     4.39 | lr 2.32e-04 | gnorm   0.93 |    16734 tok/s
step  36200 | loss  1.496 | ppl     4.46 | lr 2.32e-04 | gnorm   1.00 |    17098 tok/s
step  36250 | loss  1.501 | ppl     4.49 | lr 2.32e-04 | gnorm   1.11 |    16396 tok/s
step  36300 | loss  1.500 | ppl     4.48 | lr 2.32e-04 | gnorm   1.12 |    16585 tok/s
step  36350 | loss  1.502 | ppl     4.49 | lr 2.32e-04 | gnorm   0.97 |    16705 tok/s
step  36400 | loss  1.502 | ppl     4.49 | lr 2.32e-04 | gnorm   0.97 |    15785 tok/s
step  36450 | loss  1.470 | ppl     4.35 | lr 2.31e-04 | gnorm   0.90 |    16546 tok/s
step  36500 | loss  1.487 | ppl     4.42 | lr 2.31e-04 | gnorm   0.95 |    16604 tok/s
step  36550 | loss  1.508 | ppl     4.52 | lr 2.31e-04 | gnorm   0.95 |    16861 tok/s
step  36600 | loss  1.519 | ppl     4.57 | lr 2.31e-04 | gnorm   1.08 |    17029 tok/s
step  36650 | loss  1.504 | ppl     4.50 | lr 2.31e-04 | gnorm   0.97 |    17040 tok/s
step  36700 | loss  1.485 | ppl     4.42 | lr 2.31e-04 | gnorm   0.94 |    15969 tok/s
step  36750 | loss  1.502 | ppl     4.49 | lr 2.31e-04 | gnorm   0.94 |    16793 tok/s
step  36800 | loss  1.479 | ppl     4.39 | lr 2.30e-04 | gnorm   0.99 |    17216 tok/s
step  36850 | loss  1.496 | ppl     4.46 | lr 2.30e-04 | gnorm   0.94 |    17131 tok/s
step  36900 | loss  1.498 | ppl     4.47 | lr 2.30e-04 | gnorm   1.03 |    17246 tok/s
step  36950 | loss  1.490 | ppl     4.44 | lr 2.30e-04 | gnorm   0.98 |    16877 tok/s
step  37000 | loss  1.456 | ppl     4.29 | lr 2.30e-04 | gnorm   0.86 |    16026 tok/s
step  37050 | loss  1.478 | ppl     4.38 | lr 2.30e-04 | gnorm   0.92 |    16927 tok/s
step  37100 | loss  1.495 | ppl     4.46 | lr 2.29e-04 | gnorm   0.97 |    16817 tok/s
step  37150 | loss  1.498 | ppl     4.47 | lr 2.29e-04 | gnorm   0.97 |    16943 tok/s
step  37200 | loss  1.501 | ppl     4.49 | lr 2.29e-04 | gnorm   1.05 |    17034 tok/s
step  37250 | loss  1.502 | ppl     4.49 | lr 2.29e-04 | gnorm   0.93 |    16935 tok/s
step  37300 | loss  1.465 | ppl     4.33 | lr 2.29e-04 | gnorm   0.93 |    15445 tok/s
step  37350 | loss  1.493 | ppl     4.45 | lr 2.29e-04 | gnorm   0.88 |    17204 tok/s
step  37400 | loss  1.478 | ppl     4.38 | lr 2.29e-04 | gnorm   1.01 |    16964 tok/s
step  37450 | loss  1.501 | ppl     4.49 | lr 2.28e-04 | gnorm   1.20 |    17159 tok/s
step  37500 | loss  1.522 | ppl     4.58 | lr 2.28e-04 | gnorm   1.19 |    16875 tok/s
step  37550 | loss  1.473 | ppl     4.36 | lr 2.28e-04 | gnorm   1.05 |    16953 tok/s
step  37600 | loss  1.467 | ppl     4.34 | lr 2.28e-04 | gnorm   0.86 |    15798 tok/s
step  37650 | loss  1.499 | ppl     4.48 | lr 2.28e-04 | gnorm   1.06 |    16834 tok/s
step  37700 | loss  1.496 | ppl     4.47 | lr 2.28e-04 | gnorm   0.99 |    16981 tok/s
step  37750 | loss  1.510 | ppl     4.53 | lr 2.27e-04 | gnorm   1.09 |    16743 tok/s
step  37800 | loss  1.499 | ppl     4.48 | lr 2.27e-04 | gnorm   1.02 |    16819 tok/s
step  37850 | loss  1.495 | ppl     4.46 | lr 2.27e-04 | gnorm   0.97 |    16605 tok/s
step  37900 | loss  1.490 | ppl     4.44 | lr 2.27e-04 | gnorm   0.96 |    16083 tok/s
step  37950 | loss  1.471 | ppl     4.36 | lr 2.27e-04 | gnorm   0.84 |    17078 tok/s
step  38000 | loss  1.493 | ppl     4.45 | lr 2.27e-04 | gnorm   0.98 |    16980 tok/s
  [eval @ 38000] val_loss 4.017 | val_ppl 55.51 | BLEU 21.20
step  38050 | loss  1.481 | ppl     4.40 | lr 2.27e-04 | gnorm   0.89 |     4429 tok/s
step  38100 | loss  1.500 | ppl     4.48 | lr 2.26e-04 | gnorm   1.30 |    16841 tok/s
step  38150 | loss  1.484 | ppl     4.41 | lr 2.26e-04 | gnorm   0.95 |    17002 tok/s
step  38200 | loss  1.460 | ppl     4.31 | lr 2.26e-04 | gnorm   0.80 |    16042 tok/s
step  38250 | loss  1.477 | ppl     4.38 | lr 2.26e-04 | gnorm   1.05 |    16858 tok/s
step  38300 | loss  1.474 | ppl     4.37 | lr 2.26e-04 | gnorm   0.93 |    16581 tok/s
step  38350 | loss  1.478 | ppl     4.38 | lr 2.26e-04 | gnorm   1.14 |    16756 tok/s
step  38400 | loss  1.468 | ppl     4.34 | lr 2.26e-04 | gnorm   0.88 |    16971 tok/s
step  38450 | loss  1.495 | ppl     4.46 | lr 2.25e-04 | gnorm   1.04 |    16938 tok/s
step  38500 | loss  1.463 | ppl     4.32 | lr 2.25e-04 | gnorm   0.87 |    15569 tok/s
step  38550 | loss  1.475 | ppl     4.37 | lr 2.25e-04 | gnorm   1.00 |    16052 tok/s
step  38600 | loss  1.472 | ppl     4.36 | lr 2.25e-04 | gnorm   0.98 |    16486 tok/s
step  38650 | loss  1.480 | ppl     4.39 | lr 2.25e-04 | gnorm   1.01 |    16693 tok/s
step  38700 | loss  1.491 | ppl     4.44 | lr 2.25e-04 | gnorm   0.97 |    17110 tok/s
step  38750 | loss  1.482 | ppl     4.40 | lr 2.25e-04 | gnorm   0.94 |    16952 tok/s
step  38800 | loss  1.459 | ppl     4.30 | lr 2.24e-04 | gnorm   0.78 |    15919 tok/s
step  38850 | loss  1.478 | ppl     4.38 | lr 2.24e-04 | gnorm   1.05 |    17072 tok/s
step  38900 | loss  1.478 | ppl     4.38 | lr 2.24e-04 | gnorm   0.88 |    17186 tok/s
step  38950 | loss  1.471 | ppl     4.36 | lr 2.24e-04 | gnorm   0.96 |    16595 tok/s
step  39000 | loss  1.489 | ppl     4.43 | lr 2.24e-04 | gnorm   1.02 |    16908 tok/s
step  39050 | loss  1.469 | ppl     4.35 | lr 2.24e-04 | gnorm   0.82 |    16712 tok/s
step  39100 | loss  1.473 | ppl     4.36 | lr 2.23e-04 | gnorm   0.95 |    16097 tok/s
step  39150 | loss  1.474 | ppl     4.36 | lr 2.23e-04 | gnorm   0.95 |    16678 tok/s
step  39200 | loss  1.489 | ppl     4.43 | lr 2.23e-04 | gnorm   1.03 |    16963 tok/s
step  39250 | loss  1.479 | ppl     4.39 | lr 2.23e-04 | gnorm   1.05 |    16852 tok/s
step  39300 | loss  1.492 | ppl     4.45 | lr 2.23e-04 | gnorm   1.03 |    16595 tok/s
step  39350 | loss  1.481 | ppl     4.40 | lr 2.23e-04 | gnorm   1.00 |    16769 tok/s
step  39400 | loss  1.465 | ppl     4.33 | lr 2.23e-04 | gnorm   0.80 |    16252 tok/s
step  39450 | loss  1.452 | ppl     4.27 | lr 2.23e-04 | gnorm   0.87 |    17050 tok/s
step  39500 | loss  1.472 | ppl     4.36 | lr 2.22e-04 | gnorm   0.93 |    16945 tok/s
step  39550 | loss  1.491 | ppl     4.44 | lr 2.22e-04 | gnorm   1.28 |    16920 tok/s
step  39600 | loss  1.472 | ppl     4.36 | lr 2.22e-04 | gnorm   0.94 |    16975 tok/s
step  39650 | loss  1.481 | ppl     4.40 | lr 2.22e-04 | gnorm   0.91 |    16771 tok/s
step  39700 | loss  1.476 | ppl     4.37 | lr 2.22e-04 | gnorm   0.89 |    16196 tok/s
step  39750 | loss  1.470 | ppl     4.35 | lr 2.22e-04 | gnorm   1.11 |    16992 tok/s
step  39800 | loss  1.479 | ppl     4.39 | lr 2.22e-04 | gnorm   1.13 |    16936 tok/s
step  39850 | loss  1.478 | ppl     4.39 | lr 2.21e-04 | gnorm   1.06 |    16811 tok/s
step  39900 | loss  1.489 | ppl     4.43 | lr 2.21e-04 | gnorm   0.99 |    16643 tok/s
step  39950 | loss  1.486 | ppl     4.42 | lr 2.21e-04 | gnorm   0.95 |    17160 tok/s
step  40000 | loss  1.477 | ppl     4.38 | lr 2.21e-04 | gnorm   0.98 |    15670 tok/s
  [eval @ 40000] val_loss 4.018 | val_ppl 55.58 | BLEU 20.68
step  40050 | loss  1.479 | ppl     4.39 | lr 2.21e-04 | gnorm   0.87 |     4382 tok/s
step  40100 | loss  1.478 | ppl     4.39 | lr 2.21e-04 | gnorm   0.95 |    16577 tok/s
step  40150 | loss  1.484 | ppl     4.41 | lr 2.21e-04 | gnorm   0.93 |    16775 tok/s
step  40200 | loss  1.478 | ppl     4.38 | lr 2.20e-04 | gnorm   0.92 |    16671 tok/s
step  40250 | loss  1.486 | ppl     4.42 | lr 2.20e-04 | gnorm   0.96 |    16512 tok/s
step  40300 | loss  1.455 | ppl     4.29 | lr 2.20e-04 | gnorm   0.83 |    15408 tok/s
step  40350 | loss  1.451 | ppl     4.27 | lr 2.20e-04 | gnorm   0.80 |    16554 tok/s
step  40400 | loss  1.480 | ppl     4.39 | lr 2.20e-04 | gnorm   0.93 |    16747 tok/s
step  40450 | loss  1.478 | ppl     4.38 | lr 2.20e-04 | gnorm   0.96 |    16721 tok/s
step  40500 | loss  1.483 | ppl     4.41 | lr 2.20e-04 | gnorm   0.96 |    16714 tok/s
step  40550 | loss  1.469 | ppl     4.35 | lr 2.19e-04 | gnorm   0.88 |    16563 tok/s
step  40600 | loss  1.488 | ppl     4.43 | lr 2.19e-04 | gnorm   1.24 |    17242 tok/s
step  40650 | loss  1.466 | ppl     4.33 | lr 2.19e-04 | gnorm   0.94 |    15092 tok/s
step  40700 | loss  1.471 | ppl     4.35 | lr 2.19e-04 | gnorm   0.99 |    15664 tok/s
step  40750 | loss  1.479 | ppl     4.39 | lr 2.19e-04 | gnorm   1.24 |    15636 tok/s
step  40800 | loss  1.475 | ppl     4.37 | lr 2.19e-04 | gnorm   0.93 |    16099 tok/s
step  40850 | loss  1.472 | ppl     4.36 | lr 2.19e-04 | gnorm   0.91 |    16497 tok/s
step  40900 | loss  1.495 | ppl     4.46 | lr 2.19e-04 | gnorm   0.94 |    16082 tok/s
step  40950 | loss  1.458 | ppl     4.30 | lr 2.18e-04 | gnorm   0.87 |    15553 tok/s
step  41000 | loss  1.457 | ppl     4.29 | lr 2.18e-04 | gnorm   0.79 |    16372 tok/s
step  41050 | loss  1.485 | ppl     4.41 | lr 2.18e-04 | gnorm   0.93 |    16446 tok/s
step  41100 | loss  1.472 | ppl     4.36 | lr 2.18e-04 | gnorm   0.94 |    16663 tok/s
step  41150 | loss  1.481 | ppl     4.40 | lr 2.18e-04 | gnorm   0.93 |    16415 tok/s
step  41200 | loss  1.476 | ppl     4.37 | lr 2.18e-04 | gnorm   1.02 |    16438 tok/s
step  41250 | loss  1.448 | ppl     4.25 | lr 2.18e-04 | gnorm   0.94 |    15588 tok/s
step  41300 | loss  1.482 | ppl     4.40 | lr 2.17e-04 | gnorm   0.86 |    16526 tok/s
step  41350 | loss  1.476 | ppl     4.38 | lr 2.17e-04 | gnorm   0.93 |    16649 tok/s
step  41400 | loss  1.488 | ppl     4.43 | lr 2.17e-04 | gnorm   1.00 |    16706 tok/s
step  41450 | loss  1.466 | ppl     4.33 | lr 2.17e-04 | gnorm   0.88 |    16508 tok/s
step  41500 | loss  1.485 | ppl     4.41 | lr 2.17e-04 | gnorm   1.12 |    16591 tok/s
step  41550 | loss  1.462 | ppl     4.32 | lr 2.17e-04 | gnorm   0.87 |    15755 tok/s
step  41600 | loss  1.473 | ppl     4.36 | lr 2.17e-04 | gnorm   0.92 |    16328 tok/s
step  41650 | loss  1.457 | ppl     4.30 | lr 2.17e-04 | gnorm   0.86 |    16758 tok/s
step  41700 | loss  1.468 | ppl     4.34 | lr 2.16e-04 | gnorm   0.88 |    16471 tok/s
step  41750 | loss  1.483 | ppl     4.41 | lr 2.16e-04 | gnorm   1.02 |    16743 tok/s
step  41800 | loss  1.465 | ppl     4.33 | lr 2.16e-04 | gnorm   1.02 |    16418 tok/s
step  41850 | loss  1.472 | ppl     4.36 | lr 2.16e-04 | gnorm   0.95 |    15743 tok/s
step  41900 | loss  1.473 | ppl     4.36 | lr 2.16e-04 | gnorm   1.05 |    16851 tok/s
step  41950 | loss  1.460 | ppl     4.30 | lr 2.16e-04 | gnorm   0.85 |    16919 tok/s
step  42000 | loss  1.464 | ppl     4.32 | lr 2.16e-04 | gnorm   0.84 |    16680 tok/s
  [eval @ 42000] val_loss 4.021 | val_ppl 55.76 | BLEU 20.64
step  42050 | loss  1.472 | ppl     4.36 | lr 2.16e-04 | gnorm   0.90 |     4275 tok/s
step  42100 | loss  1.466 | ppl     4.33 | lr 2.15e-04 | gnorm   0.96 |    16185 tok/s
step  42150 | loss  1.461 | ppl     4.31 | lr 2.15e-04 | gnorm   1.10 |    15719 tok/s
step  42200 | loss  1.467 | ppl     4.34 | lr 2.15e-04 | gnorm   0.94 |    16575 tok/s
step  42250 | loss  1.458 | ppl     4.30 | lr 2.15e-04 | gnorm   0.91 |    16589 tok/s
step  42300 | loss  1.470 | ppl     4.35 | lr 2.15e-04 | gnorm   0.98 |    16921 tok/s
step  42350 | loss  1.476 | ppl     4.38 | lr 2.15e-04 | gnorm   0.97 |    16427 tok/s
step  42400 | loss  1.483 | ppl     4.40 | lr 2.15e-04 | gnorm   0.89 |    16677 tok/s
step  42450 | loss  1.448 | ppl     4.25 | lr 2.14e-04 | gnorm   0.83 |    15705 tok/s
step  42500 | loss  1.456 | ppl     4.29 | lr 2.14e-04 | gnorm   0.93 |    16748 tok/s
step  42550 | loss  1.465 | ppl     4.33 | lr 2.14e-04 | gnorm   0.97 |    16871 tok/s
step  42600 | loss  1.475 | ppl     4.37 | lr 2.14e-04 | gnorm   1.02 |    16794 tok/s
step  42650 | loss  1.462 | ppl     4.32 | lr 2.14e-04 | gnorm   0.88 |    16710 tok/s
step  42700 | loss  1.492 | ppl     4.44 | lr 2.14e-04 | gnorm   0.97 |    16536 tok/s
step  42750 | loss  1.451 | ppl     4.27 | lr 2.14e-04 | gnorm   0.88 |    15708 tok/s
step  42800 | loss  1.462 | ppl     4.32 | lr 2.14e-04 | gnorm   0.89 |    17077 tok/s
step  42850 | loss  1.463 | ppl     4.32 | lr 2.13e-04 | gnorm   0.91 |    16666 tok/s
step  42900 | loss  1.464 | ppl     4.32 | lr 2.13e-04 | gnorm   0.93 |    16697 tok/s
step  42950 | loss  1.482 | ppl     4.40 | lr 2.13e-04 | gnorm   0.96 |    16765 tok/s
step  43000 | loss  1.474 | ppl     4.37 | lr 2.13e-04 | gnorm   0.94 |    16730 tok/s
step  43050 | loss  1.468 | ppl     4.34 | lr 2.13e-04 | gnorm   0.86 |    15771 tok/s
step  43100 | loss  1.469 | ppl     4.34 | lr 2.13e-04 | gnorm   0.89 |    17003 tok/s
step  43150 | loss  1.450 | ppl     4.26 | lr 2.13e-04 | gnorm   0.85 |    16602 tok/s
step  43200 | loss  1.467 | ppl     4.33 | lr 2.13e-04 | gnorm   0.90 |    16459 tok/s
step  43250 | loss  1.458 | ppl     4.30 | lr 2.13e-04 | gnorm   0.98 |    16571 tok/s
step  43300 | loss  1.490 | ppl     4.44 | lr 2.12e-04 | gnorm   0.99 |    17100 tok/s
step  43350 | loss  1.446 | ppl     4.25 | lr 2.12e-04 | gnorm   0.79 |    16290 tok/s
step  43400 | loss  1.447 | ppl     4.25 | lr 2.12e-04 | gnorm   0.89 |    16800 tok/s
step  43450 | loss  1.455 | ppl     4.29 | lr 2.12e-04 | gnorm   0.91 |    16785 tok/s
step  43500 | loss  1.474 | ppl     4.37 | lr 2.12e-04 | gnorm   0.98 |    17053 tok/s
step  43550 | loss  1.462 | ppl     4.32 | lr 2.12e-04 | gnorm   0.86 |    16668 tok/s
step  43600 | loss  1.493 | ppl     4.45 | lr 2.12e-04 | gnorm   1.11 |    16485 tok/s
step  43650 | loss  1.464 | ppl     4.32 | lr 2.12e-04 | gnorm   0.91 |    15460 tok/s
step  43700 | loss  1.428 | ppl     4.17 | lr 2.11e-04 | gnorm   0.80 |    16456 tok/s
step  43750 | loss  1.472 | ppl     4.36 | lr 2.11e-04 | gnorm   1.15 |    16415 tok/s
step  43800 | loss  1.472 | ppl     4.36 | lr 2.11e-04 | gnorm   1.09 |    16877 tok/s
step  43850 | loss  1.477 | ppl     4.38 | lr 2.11e-04 | gnorm   0.94 |    16676 tok/s
step  43900 | loss  1.491 | ppl     4.44 | lr 2.11e-04 | gnorm   0.93 |    16480 tok/s
step  43950 | loss  1.441 | ppl     4.23 | lr 2.11e-04 | gnorm   1.02 |    15821 tok/s
step  44000 | loss  1.464 | ppl     4.32 | lr 2.11e-04 | gnorm   0.99 |    15784 tok/s
  [eval @ 44000] val_loss 4.002 | val_ppl 54.70 | BLEU 21.38
step  44050 | loss  1.462 | ppl     4.31 | lr 2.11e-04 | gnorm   0.91 |     4346 tok/s
step  44100 | loss  1.468 | ppl     4.34 | lr 2.10e-04 | gnorm   0.91 |    16605 tok/s
step  44150 | loss  1.475 | ppl     4.37 | lr 2.10e-04 | gnorm   0.97 |    16534 tok/s
step  44200 | loss  1.478 | ppl     4.38 | lr 2.10e-04 | gnorm   0.89 |    16553 tok/s
step  44250 | loss  1.439 | ppl     4.22 | lr 2.10e-04 | gnorm   0.87 |    16018 tok/s
step  44300 | loss  1.463 | ppl     4.32 | lr 2.10e-04 | gnorm   0.87 |    16875 tok/s
step  44350 | loss  1.470 | ppl     4.35 | lr 2.10e-04 | gnorm   0.95 |    16967 tok/s
step  44400 | loss  1.453 | ppl     4.27 | lr 2.10e-04 | gnorm   1.03 |    16775 tok/s
step  44450 | loss  1.463 | ppl     4.32 | lr 2.10e-04 | gnorm   0.86 |    16025 tok/s
step  44500 | loss  1.463 | ppl     4.32 | lr 2.10e-04 | gnorm   0.92 |    16278 tok/s
step  44550 | loss  1.457 | ppl     4.29 | lr 2.09e-04 | gnorm   0.83 |    15289 tok/s
step  44600 | loss  1.452 | ppl     4.27 | lr 2.09e-04 | gnorm   0.94 |    16133 tok/s
step  44650 | loss  1.461 | ppl     4.31 | lr 2.09e-04 | gnorm   0.98 |    16194 tok/s
step  44700 | loss  1.468 | ppl     4.34 | lr 2.09e-04 | gnorm   0.95 |    17041 tok/s
step  44750 | loss  1.469 | ppl     4.35 | lr 2.09e-04 | gnorm   1.02 |    16876 tok/s
step  44800 | loss  1.474 | ppl     4.36 | lr 2.09e-04 | gnorm   0.91 |    17182 tok/s
step  44850 | loss  1.424 | ppl     4.15 | lr 2.09e-04 | gnorm   0.71 |    16116 tok/s
step  44900 | loss  1.441 | ppl     4.22 | lr 2.09e-04 | gnorm   0.98 |    16798 tok/s
step  44950 | loss  1.466 | ppl     4.33 | lr 2.08e-04 | gnorm   0.97 |    17135 tok/s
step  45000 | loss  1.438 | ppl     4.21 | lr 2.08e-04 | gnorm   0.78 |    17005 tok/s
step  45050 | loss  1.461 | ppl     4.31 | lr 2.08e-04 | gnorm   0.95 |    16473 tok/s
step  45100 | loss  1.465 | ppl     4.33 | lr 2.08e-04 | gnorm   0.95 |    16225 tok/s
step  45150 | loss  1.452 | ppl     4.27 | lr 2.08e-04 | gnorm   0.88 |    15689 tok/s
step  45200 | loss  1.447 | ppl     4.25 | lr 2.08e-04 | gnorm   0.90 |    16947 tok/s
step  45250 | loss  1.434 | ppl     4.19 | lr 2.08e-04 | gnorm   0.77 |    16985 tok/s
step  45300 | loss  1.444 | ppl     4.24 | lr 2.08e-04 | gnorm   0.77 |    17135 tok/s
step  45350 | loss  1.475 | ppl     4.37 | lr 2.08e-04 | gnorm   1.05 |    17165 tok/s
step  45400 | loss  1.463 | ppl     4.32 | lr 2.07e-04 | gnorm   0.90 |    17234 tok/s
step  45450 | loss  1.472 | ppl     4.36 | lr 2.07e-04 | gnorm   3.06 |    16733 tok/s
step  45500 | loss  1.463 | ppl     4.32 | lr 2.07e-04 | gnorm   1.03 |    16088 tok/s
step  45550 | loss  1.459 | ppl     4.30 | lr 2.07e-04 | gnorm   0.90 |    16864 tok/s
step  45600 | loss  1.468 | ppl     4.34 | lr 2.07e-04 | gnorm   0.98 |    16759 tok/s
step  45650 | loss  1.454 | ppl     4.28 | lr 2.07e-04 | gnorm   0.90 |    16874 tok/s
step  45700 | loss  1.443 | ppl     4.23 | lr 2.07e-04 | gnorm   0.84 |    16851 tok/s
step  45750 | loss  1.448 | ppl     4.25 | lr 2.07e-04 | gnorm   0.90 |    16476 tok/s
step  45800 | loss  1.442 | ppl     4.23 | lr 2.07e-04 | gnorm   0.89 |    15633 tok/s
step  45850 | loss  1.444 | ppl     4.24 | lr 2.06e-04 | gnorm   0.84 |    16701 tok/s
step  45900 | loss  1.461 | ppl     4.31 | lr 2.06e-04 | gnorm   0.87 |    16680 tok/s
step  45950 | loss  1.454 | ppl     4.28 | lr 2.06e-04 | gnorm   1.04 |    16701 tok/s
step  46000 | loss  1.454 | ppl     4.28 | lr 2.06e-04 | gnorm   0.91 |    16912 tok/s
  [eval @ 46000] val_loss 4.009 | val_ppl 55.08 | BLEU 21.59
step  46050 | loss  1.457 | ppl     4.29 | lr 2.06e-04 | gnorm   0.88 |     4483 tok/s
step  46100 | loss  1.456 | ppl     4.29 | lr 2.06e-04 | gnorm   0.92 |    15009 tok/s
step  46150 | loss  1.461 | ppl     4.31 | lr 2.06e-04 | gnorm   1.12 |    16005 tok/s
step  46200 | loss  1.465 | ppl     4.33 | lr 2.06e-04 | gnorm   0.89 |    15798 tok/s
step  46250 | loss  1.463 | ppl     4.32 | lr 2.05e-04 | gnorm   1.01 |    16109 tok/s
step  46300 | loss  1.450 | ppl     4.26 | lr 2.05e-04 | gnorm   0.90 |    16609 tok/s
step  46350 | loss  1.444 | ppl     4.24 | lr 2.05e-04 | gnorm   0.81 |    16619 tok/s
step  46400 | loss  1.440 | ppl     4.22 | lr 2.05e-04 | gnorm   0.84 |    16040 tok/s
step  46450 | loss  1.451 | ppl     4.27 | lr 2.05e-04 | gnorm   0.93 |    16904 tok/s
step  46500 | loss  1.467 | ppl     4.34 | lr 2.05e-04 | gnorm   0.85 |    16855 tok/s
step  46550 | loss  1.452 | ppl     4.27 | lr 2.05e-04 | gnorm   0.80 |    17005 tok/s
step  46600 | loss  1.456 | ppl     4.29 | lr 2.05e-04 | gnorm   0.97 |    16974 tok/s
step  46650 | loss  1.452 | ppl     4.27 | lr 2.05e-04 | gnorm   0.95 |    16803 tok/s
step  46700 | loss  1.450 | ppl     4.26 | lr 2.05e-04 | gnorm   0.86 |    15289 tok/s
step  46750 | loss  1.448 | ppl     4.26 | lr 2.04e-04 | gnorm   0.85 |    16426 tok/s
step  46800 | loss  1.464 | ppl     4.32 | lr 2.04e-04 | gnorm   0.89 |    17139 tok/s
step  46850 | loss  1.485 | ppl     4.42 | lr 2.04e-04 | gnorm   1.11 |    16980 tok/s
step  46900 | loss  1.467 | ppl     4.34 | lr 2.04e-04 | gnorm   0.93 |    16324 tok/s
step  46950 | loss  1.465 | ppl     4.33 | lr 2.04e-04 | gnorm   1.30 |    16363 tok/s
step  47000 | loss  1.447 | ppl     4.25 | lr 2.04e-04 | gnorm   0.75 |    16112 tok/s
step  47050 | loss  1.443 | ppl     4.23 | lr 2.04e-04 | gnorm   0.86 |    16942 tok/s
step  47100 | loss  1.442 | ppl     4.23 | lr 2.04e-04 | gnorm   0.80 |    17054 tok/s
step  47150 | loss  1.433 | ppl     4.19 | lr 2.04e-04 | gnorm   0.87 |    17210 tok/s
step  47200 | loss  1.485 | ppl     4.41 | lr 2.03e-04 | gnorm   1.16 |    16981 tok/s
step  47250 | loss  1.464 | ppl     4.32 | lr 2.03e-04 | gnorm   0.91 |    16840 tok/s
step  47300 | loss  1.448 | ppl     4.25 | lr 2.03e-04 | gnorm   0.81 |    16075 tok/s
step  47350 | loss  1.453 | ppl     4.28 | lr 2.03e-04 | gnorm   1.01 |    17017 tok/s
step  47400 | loss  1.440 | ppl     4.22 | lr 2.03e-04 | gnorm   1.20 |    17198 tok/s
step  47450 | loss  1.468 | ppl     4.34 | lr 2.03e-04 | gnorm   0.89 |    17078 tok/s
step  47500 | loss  1.443 | ppl     4.23 | lr 2.03e-04 | gnorm   1.02 |    17152 tok/s
step  47550 | loss  1.471 | ppl     4.36 | lr 2.03e-04 | gnorm   0.97 |    17341 tok/s
step  47600 | loss  1.445 | ppl     4.24 | lr 2.03e-04 | gnorm   0.76 |    15565 tok/s
step  47650 | loss  1.442 | ppl     4.23 | lr 2.02e-04 | gnorm   0.80 |    16380 tok/s
step  47700 | loss  1.450 | ppl     4.26 | lr 2.02e-04 | gnorm   0.82 |    16465 tok/s
step  47750 | loss  1.466 | ppl     4.33 | lr 2.02e-04 | gnorm   1.00 |    16555 tok/s
step  47800 | loss  1.472 | ppl     4.36 | lr 2.02e-04 | gnorm   1.04 |    16550 tok/s
step  47850 | loss  1.458 | ppl     4.30 | lr 2.02e-04 | gnorm   0.91 |    17197 tok/s
step  47900 | loss  1.435 | ppl     4.20 | lr 2.02e-04 | gnorm   0.84 |    15625 tok/s
step  47950 | loss  1.441 | ppl     4.22 | lr 2.02e-04 | gnorm   0.73 |    16235 tok/s
step  48000 | loss  1.436 | ppl     4.20 | lr 2.02e-04 | gnorm   0.84 |    16273 tok/s
  [eval @ 48000] val_loss 4.000 | val_ppl 54.60 | BLEU 20.70
step  48050 | loss  1.437 | ppl     4.21 | lr 2.02e-04 | gnorm   0.79 |     4497 tok/s
step  48100 | loss  1.481 | ppl     4.40 | lr 2.02e-04 | gnorm   1.05 |    17222 tok/s
step  48150 | loss  1.455 | ppl     4.29 | lr 2.01e-04 | gnorm   0.86 |    16937 tok/s
step  48200 | loss  1.445 | ppl     4.24 | lr 2.01e-04 | gnorm   1.10 |    15657 tok/s
step  48250 | loss  1.426 | ppl     4.16 | lr 2.01e-04 | gnorm   0.71 |    16772 tok/s
step  48300 | loss  1.449 | ppl     4.26 | lr 2.01e-04 | gnorm   0.99 |    16605 tok/s
step  48350 | loss  1.467 | ppl     4.33 | lr 2.01e-04 | gnorm   1.01 |    16928 tok/s
step  48400 | loss  1.456 | ppl     4.29 | lr 2.01e-04 | gnorm   0.91 |    16898 tok/s
step  48450 | loss  1.483 | ppl     4.41 | lr 2.01e-04 | gnorm   0.98 |    16907 tok/s
step  48500 | loss  1.433 | ppl     4.19 | lr 2.01e-04 | gnorm   0.90 |    15631 tok/s
step  48550 | loss  1.434 | ppl     4.20 | lr 2.01e-04 | gnorm   0.79 |    16968 tok/s
step  48600 | loss  1.456 | ppl     4.29 | lr 2.00e-04 | gnorm   0.83 |    16639 tok/s
step  48650 | loss  1.452 | ppl     4.27 | lr 2.00e-04 | gnorm   0.97 |    16718 tok/s
step  48700 | loss  1.461 | ppl     4.31 | lr 2.00e-04 | gnorm   0.88 |    16640 tok/s
step  48750 | loss  1.467 | ppl     4.33 | lr 2.00e-04 | gnorm   0.95 |    16935 tok/s
step  48800 | loss  1.445 | ppl     4.24 | lr 2.00e-04 | gnorm   1.19 |    15658 tok/s
step  48850 | loss  1.439 | ppl     4.22 | lr 2.00e-04 | gnorm   1.29 |    16603 tok/s
step  48900 | loss  1.453 | ppl     4.28 | lr 2.00e-04 | gnorm   1.00 |    16544 tok/s
step  48950 | loss  1.459 | ppl     4.30 | lr 2.00e-04 | gnorm   0.94 |    16851 tok/s
step  49000 | loss  1.444 | ppl     4.24 | lr 2.00e-04 | gnorm   1.09 |    16456 tok/s
step  49050 | loss  1.453 | ppl     4.28 | lr 2.00e-04 | gnorm   0.96 |    16505 tok/s
step  49100 | loss  1.450 | ppl     4.26 | lr 1.99e-04 | gnorm   0.84 |    15222 tok/s
step  49150 | loss  1.440 | ppl     4.22 | lr 1.99e-04 | gnorm   0.91 |    16506 tok/s
step  49200 | loss  1.451 | ppl     4.27 | lr 1.99e-04 | gnorm   0.83 |    16574 tok/s
step  49250 | loss  1.461 | ppl     4.31 | lr 1.99e-04 | gnorm   0.85 |    16618 tok/s
step  49300 | loss  1.458 | ppl     4.30 | lr 1.99e-04 | gnorm   0.98 |    16650 tok/s
step  49350 | loss  1.447 | ppl     4.25 | lr 1.99e-04 | gnorm   0.90 |    16615 tok/s
step  49400 | loss  1.436 | ppl     4.21 | lr 1.99e-04 | gnorm   0.84 |    15759 tok/s
step  49450 | loss  1.456 | ppl     4.29 | lr 1.99e-04 | gnorm   1.32 |    16694 tok/s
step  49500 | loss  1.456 | ppl     4.29 | lr 1.99e-04 | gnorm   0.92 |    16516 tok/s
step  49550 | loss  1.461 | ppl     4.31 | lr 1.99e-04 | gnorm   0.92 |    16610 tok/s
step  49600 | loss  1.440 | ppl     4.22 | lr 1.98e-04 | gnorm   0.87 |    16501 tok/s
step  49650 | loss  1.463 | ppl     4.32 | lr 1.98e-04 | gnorm   0.93 |    16697 tok/s
step  49700 | loss  1.434 | ppl     4.19 | lr 1.98e-04 | gnorm   0.72 |    15426 tok/s
step  49750 | loss  1.436 | ppl     4.21 | lr 1.98e-04 | gnorm   0.85 |    16660 tok/s
step  49800 | loss  1.443 | ppl     4.23 | lr 1.98e-04 | gnorm   0.82 |    16634 tok/s
step  49850 | loss  1.456 | ppl     4.29 | lr 1.98e-04 | gnorm   1.02 |    16686 tok/s
step  49900 | loss  1.460 | ppl     4.31 | lr 1.98e-04 | gnorm   0.90 |    16753 tok/s
step  49950 | loss  1.441 | ppl     4.22 | lr 1.98e-04 | gnorm   0.89 |    16398 tok/s
step  50000 | loss  1.452 | ppl     4.27 | lr 1.98e-04 | gnorm   0.87 |    15649 tok/s
  [eval @ 50000] val_loss 4.006 | val_ppl 54.90 | BLEU 21.12
step  50050 | loss  1.444 | ppl     4.24 | lr 1.98e-04 | gnorm   0.81 |     4492 tok/s
step  50100 | loss  1.450 | ppl     4.26 | lr 1.97e-04 | gnorm   1.03 |    16590 tok/s
step  50150 | loss  1.464 | ppl     4.32 | lr 1.97e-04 | gnorm   1.23 |    16932 tok/s
step  50200 | loss  1.457 | ppl     4.29 | lr 1.97e-04 | gnorm   0.89 |    16906 tok/s
step  50250 | loss  1.461 | ppl     4.31 | lr 1.97e-04 | gnorm   0.87 |    16839 tok/s
step  50300 | loss  1.443 | ppl     4.23 | lr 1.97e-04 | gnorm   0.88 |    16116 tok/s
step  50350 | loss  1.425 | ppl     4.16 | lr 1.97e-04 | gnorm   0.88 |    16575 tok/s
step  50400 | loss  1.449 | ppl     4.26 | lr 1.97e-04 | gnorm   0.89 |    16620 tok/s
step  50450 | loss  1.446 | ppl     4.25 | lr 1.97e-04 | gnorm   0.96 |    16790 tok/s
step  50500 | loss  1.455 | ppl     4.29 | lr 1.97e-04 | gnorm   0.90 |    16871 tok/s
step  50550 | loss  1.440 | ppl     4.22 | lr 1.97e-04 | gnorm   0.87 |    16461 tok/s
step  50600 | loss  1.458 | ppl     4.30 | lr 1.96e-04 | gnorm   0.96 |    16813 tok/s
step  50650 | loss  1.444 | ppl     4.24 | lr 1.96e-04 | gnorm   0.97 |    15334 tok/s
step  50700 | loss  1.417 | ppl     4.12 | lr 1.96e-04 | gnorm   0.70 |    16595 tok/s
step  50750 | loss  1.436 | ppl     4.20 | lr 1.96e-04 | gnorm   0.91 |    16556 tok/s
step  50800 | loss  1.436 | ppl     4.20 | lr 1.96e-04 | gnorm   0.76 |    16460 tok/s
step  50850 | loss  1.434 | ppl     4.20 | lr 1.96e-04 | gnorm   0.72 |    17060 tok/s
step  50900 | loss  1.436 | ppl     4.20 | lr 1.96e-04 | gnorm   0.77 |    17021 tok/s
step  50950 | loss  1.441 | ppl     4.23 | lr 1.96e-04 | gnorm   0.93 |    15361 tok/s
step  51000 | loss  1.441 | ppl     4.23 | lr 1.96e-04 | gnorm   0.82 |    16588 tok/s
step  51050 | loss  1.443 | ppl     4.23 | lr 1.96e-04 | gnorm   0.96 |    17015 tok/s
step  51100 | loss  1.457 | ppl     4.29 | lr 1.96e-04 | gnorm   1.00 |    16687 tok/s
step  51150 | loss  1.455 | ppl     4.28 | lr 1.95e-04 | gnorm   0.84 |    16659 tok/s
step  51200 | loss  1.438 | ppl     4.21 | lr 1.95e-04 | gnorm   0.90 |    16696 tok/s
step  51250 | loss  1.440 | ppl     4.22 | lr 1.95e-04 | gnorm   0.83 |    16025 tok/s
step  51300 | loss  1.440 | ppl     4.22 | lr 1.95e-04 | gnorm   0.95 |    16937 tok/s
step  51350 | loss  1.454 | ppl     4.28 | lr 1.95e-04 | gnorm   0.87 |    16943 tok/s
step  51400 | loss  1.446 | ppl     4.25 | lr 1.95e-04 | gnorm   0.90 |    17085 tok/s
step  51450 | loss  1.443 | ppl     4.23 | lr 1.95e-04 | gnorm   0.89 |    17175 tok/s
step  51500 | loss  1.442 | ppl     4.23 | lr 1.95e-04 | gnorm   0.84 |    16943 tok/s
step  51550 | loss  1.428 | ppl     4.17 | lr 1.95e-04 | gnorm   0.77 |    16060 tok/s
step  51600 | loss  1.445 | ppl     4.24 | lr 1.95e-04 | gnorm   0.92 |    17240 tok/s
step  51650 | loss  1.423 | ppl     4.15 | lr 1.94e-04 | gnorm   0.75 |    16854 tok/s
step  51700 | loss  1.454 | ppl     4.28 | lr 1.94e-04 | gnorm   1.01 |    16714 tok/s
step  51750 | loss  1.457 | ppl     4.29 | lr 1.94e-04 | gnorm   0.92 |    16913 tok/s
step  51800 | loss  1.455 | ppl     4.29 | lr 1.94e-04 | gnorm   0.99 |    16865 tok/s
step  51850 | loss  1.434 | ppl     4.19 | lr 1.94e-04 | gnorm   0.80 |    15402 tok/s
step  51900 | loss  1.426 | ppl     4.16 | lr 1.94e-04 | gnorm   0.70 |    16288 tok/s
step  51950 | loss  1.446 | ppl     4.25 | lr 1.94e-04 | gnorm   0.89 |    16362 tok/s
step  52000 | loss  1.435 | ppl     4.20 | lr 1.94e-04 | gnorm   0.91 |    16328 tok/s
  [eval @ 52000] val_loss 4.001 | val_ppl 54.65 | BLEU 20.42
step  52050 | loss  1.437 | ppl     4.21 | lr 1.94e-04 | gnorm   0.78 |     4379 tok/s
step  52100 | loss  1.457 | ppl     4.29 | lr 1.94e-04 | gnorm   0.93 |    16395 tok/s
step  52150 | loss  1.433 | ppl     4.19 | lr 1.94e-04 | gnorm   0.84 |    14802 tok/s
step  52200 | loss  1.447 | ppl     4.25 | lr 1.93e-04 | gnorm   0.88 |    15770 tok/s
step  52250 | loss  1.450 | ppl     4.26 | lr 1.93e-04 | gnorm   0.83 |    15659 tok/s
step  52300 | loss  1.440 | ppl     4.22 | lr 1.93e-04 | gnorm   0.93 |    16151 tok/s
step  52350 | loss  1.437 | ppl     4.21 | lr 1.93e-04 | gnorm   0.84 |    16494 tok/s
step  52400 | loss  1.460 | ppl     4.31 | lr 1.93e-04 | gnorm   0.98 |    16540 tok/s
step  52450 | loss  1.440 | ppl     4.22 | lr 1.93e-04 | gnorm   0.83 |    15732 tok/s
step  52500 | loss  1.429 | ppl     4.18 | lr 1.93e-04 | gnorm   0.76 |    16877 tok/s
step  52550 | loss  1.441 | ppl     4.23 | lr 1.93e-04 | gnorm   0.84 |    16555 tok/s
step  52600 | loss  1.448 | ppl     4.25 | lr 1.93e-04 | gnorm   0.87 |    16647 tok/s
step  52650 | loss  1.433 | ppl     4.19 | lr 1.93e-04 | gnorm   1.00 |    16448 tok/s
step  52700 | loss  1.433 | ppl     4.19 | lr 1.93e-04 | gnorm   0.88 |    16706 tok/s
step  52750 | loss  1.441 | ppl     4.22 | lr 1.92e-04 | gnorm   0.96 |    15772 tok/s
step  52800 | loss  1.435 | ppl     4.20 | lr 1.92e-04 | gnorm   0.81 |    16472 tok/s
step  52850 | loss  1.445 | ppl     4.24 | lr 1.92e-04 | gnorm   0.95 |    16829 tok/s
step  52900 | loss  1.445 | ppl     4.24 | lr 1.92e-04 | gnorm   0.85 |    17004 tok/s
step  52950 | loss  1.453 | ppl     4.27 | lr 1.92e-04 | gnorm   0.96 |    17105 tok/s
step  53000 | loss  1.444 | ppl     4.24 | lr 1.92e-04 | gnorm   1.04 |    16579 tok/s
step  53050 | loss  1.425 | ppl     4.16 | lr 1.92e-04 | gnorm   0.86 |    15428 tok/s
step  53100 | loss  1.430 | ppl     4.18 | lr 1.92e-04 | gnorm   0.80 |    16807 tok/s
step  53150 | loss  1.449 | ppl     4.26 | lr 1.92e-04 | gnorm   0.93 |    16725 tok/s
step  53200 | loss  1.447 | ppl     4.25 | lr 1.92e-04 | gnorm   2.14 |    16720 tok/s
step  53250 | loss  1.464 | ppl     4.33 | lr 1.92e-04 | gnorm   0.95 |    16409 tok/s
step  53300 | loss  1.439 | ppl     4.22 | lr 1.91e-04 | gnorm   0.89 |    16528 tok/s
step  53350 | loss  1.435 | ppl     4.20 | lr 1.91e-04 | gnorm   0.79 |    15836 tok/s
step  53400 | loss  1.443 | ppl     4.23 | lr 1.91e-04 | gnorm   0.86 |    17004 tok/s
step  53450 | loss  1.447 | ppl     4.25 | lr 1.91e-04 | gnorm   0.84 |    16790 tok/s
step  53500 | loss  1.443 | ppl     4.23 | lr 1.91e-04 | gnorm   0.98 |    16858 tok/s
step  53550 | loss  1.458 | ppl     4.30 | lr 1.91e-04 | gnorm   1.00 |    16709 tok/s
step  53600 | loss  1.445 | ppl     4.24 | lr 1.91e-04 | gnorm   0.79 |    16546 tok/s
step  53650 | loss  1.434 | ppl     4.20 | lr 1.91e-04 | gnorm   0.88 |    15472 tok/s
step  53700 | loss  1.429 | ppl     4.17 | lr 1.91e-04 | gnorm   0.89 |    16490 tok/s
step  53750 | loss  1.417 | ppl     4.13 | lr 1.91e-04 | gnorm   0.69 |    16445 tok/s
step  53800 | loss  1.451 | ppl     4.27 | lr 1.91e-04 | gnorm   0.87 |    15958 tok/s
step  53850 | loss  1.462 | ppl     4.31 | lr 1.90e-04 | gnorm   0.94 |    16560 tok/s
step  53900 | loss  1.442 | ppl     4.23 | lr 1.90e-04 | gnorm   0.97 |    16858 tok/s
step  53950 | loss  1.430 | ppl     4.18 | lr 1.90e-04 | gnorm   0.93 |    15716 tok/s
step  54000 | loss  1.437 | ppl     4.21 | lr 1.90e-04 | gnorm   0.81 |    16866 tok/s
  [eval @ 54000] val_loss 4.000 | val_ppl 54.62 | BLEU 21.14
step  54050 | loss  1.433 | ppl     4.19 | lr 1.90e-04 | gnorm   0.83 |     4428 tok/s
step  54100 | loss  1.432 | ppl     4.19 | lr 1.90e-04 | gnorm   0.80 |    16439 tok/s
step  54150 | loss  1.451 | ppl     4.27 | lr 1.90e-04 | gnorm   1.52 |    16532 tok/s
step  54200 | loss  1.455 | ppl     4.28 | lr 1.90e-04 | gnorm   1.01 |    16694 tok/s
step  54250 | loss  1.414 | ppl     4.11 | lr 1.90e-04 | gnorm   0.81 |    15734 tok/s
step  54300 | loss  1.425 | ppl     4.16 | lr 1.90e-04 | gnorm   0.89 |    16844 tok/s
step  54350 | loss  1.444 | ppl     4.24 | lr 1.90e-04 | gnorm   0.94 |    16723 tok/s
step  54400 | loss  1.443 | ppl     4.23 | lr 1.89e-04 | gnorm   0.86 |    16734 tok/s
step  54450 | loss  1.427 | ppl     4.16 | lr 1.89e-04 | gnorm   0.78 |    16903 tok/s
step  54500 | loss  1.446 | ppl     4.25 | lr 1.89e-04 | gnorm   0.86 |    17013 tok/s
step  54550 | loss  1.443 | ppl     4.23 | lr 1.89e-04 | gnorm   0.91 |    15752 tok/s
step  54600 | loss  1.425 | ppl     4.16 | lr 1.89e-04 | gnorm   0.85 |    16839 tok/s
step  54650 | loss  1.431 | ppl     4.18 | lr 1.89e-04 | gnorm   0.90 |    16919 tok/s
step  54700 | loss  1.439 | ppl     4.22 | lr 1.89e-04 | gnorm   0.87 |    16859 tok/s
step  54750 | loss  1.428 | ppl     4.17 | lr 1.89e-04 | gnorm   0.82 |    16845 tok/s
step  54800 | loss  1.452 | ppl     4.27 | lr 1.89e-04 | gnorm   1.33 |    16905 tok/s
step  54850 | loss  1.429 | ppl     4.18 | lr 1.89e-04 | gnorm   0.81 |    16047 tok/s
step  54900 | loss  1.432 | ppl     4.19 | lr 1.89e-04 | gnorm   0.87 |    16458 tok/s
step  54950 | loss  1.427 | ppl     4.16 | lr 1.89e-04 | gnorm   0.79 |    16727 tok/s
step  55000 | loss  1.421 | ppl     4.14 | lr 1.88e-04 | gnorm   0.86 |    16673 tok/s
step  55050 | loss  1.436 | ppl     4.20 | lr 1.88e-04 | gnorm   0.89 |    16731 tok/s
step  55100 | loss  1.448 | ppl     4.26 | lr 1.88e-04 | gnorm   0.91 |    16700 tok/s
step  55150 | loss  1.411 | ppl     4.10 | lr 1.88e-04 | gnorm   0.68 |    15744 tok/s
step  55200 | loss  1.434 | ppl     4.20 | lr 1.88e-04 | gnorm   0.80 |    16986 tok/s
step  55250 | loss  1.432 | ppl     4.19 | lr 1.88e-04 | gnorm   1.15 |    16886 tok/s
step  55300 | loss  1.439 | ppl     4.22 | lr 1.88e-04 | gnorm   0.81 |    16823 tok/s
step  55350 | loss  1.437 | ppl     4.21 | lr 1.88e-04 | gnorm   0.91 |    16390 tok/s
step  55400 | loss  1.435 | ppl     4.20 | lr 1.88e-04 | gnorm   0.83 |    16584 tok/s
step  55450 | loss  1.424 | ppl     4.15 | lr 1.88e-04 | gnorm   0.81 |    15759 tok/s
step  55500 | loss  1.429 | ppl     4.17 | lr 1.88e-04 | gnorm   0.80 |    16803 tok/s
step  55550 | loss  1.441 | ppl     4.22 | lr 1.88e-04 | gnorm   0.97 |    16973 tok/s
step  55600 | loss  1.426 | ppl     4.16 | lr 1.87e-04 | gnorm   0.84 |    16770 tok/s
step  55650 | loss  1.464 | ppl     4.32 | lr 1.87e-04 | gnorm   1.02 |    16848 tok/s
step  55700 | loss  1.446 | ppl     4.25 | lr 1.87e-04 | gnorm   1.46 |    16697 tok/s
step  55750 | loss  1.439 | ppl     4.22 | lr 1.87e-04 | gnorm   0.97 |    16938 tok/s
step  55800 | loss  1.436 | ppl     4.20 | lr 1.87e-04 | gnorm   0.94 |    15821 tok/s
step  55850 | loss  1.417 | ppl     4.13 | lr 1.87e-04 | gnorm   0.88 |    16660 tok/s
step  55900 | loss  1.434 | ppl     4.20 | lr 1.87e-04 | gnorm   0.96 |    16642 tok/s
step  55950 | loss  1.430 | ppl     4.18 | lr 1.87e-04 | gnorm   0.90 |    17098 tok/s
step  56000 | loss  1.429 | ppl     4.17 | lr 1.87e-04 | gnorm   0.87 |    16550 tok/s
  [eval @ 56000] val_loss 4.007 | val_ppl 54.99 | BLEU 20.80
step  56050 | loss  1.437 | ppl     4.21 | lr 1.87e-04 | gnorm   0.99 |     4496 tok/s
step  56100 | loss  1.425 | ppl     4.16 | lr 1.87e-04 | gnorm   0.81 |    15925 tok/s
step  56150 | loss  1.413 | ppl     4.11 | lr 1.87e-04 | gnorm   0.88 |    16748 tok/s
step  56200 | loss  1.442 | ppl     4.23 | lr 1.86e-04 | gnorm   1.03 |    16191 tok/s
step  56250 | loss  1.415 | ppl     4.11 | lr 1.86e-04 | gnorm   0.70 |    16183 tok/s
step  56300 | loss  1.442 | ppl     4.23 | lr 1.86e-04 | gnorm   0.99 |    16710 tok/s
step  56350 | loss  1.433 | ppl     4.19 | lr 1.86e-04 | gnorm   0.87 |    16967 tok/s
step  56400 | loss  1.424 | ppl     4.15 | lr 1.86e-04 | gnorm   0.99 |    15825 tok/s
step  56450 | loss  1.427 | ppl     4.16 | lr 1.86e-04 | gnorm   0.77 |    16343 tok/s
step  56500 | loss  1.441 | ppl     4.22 | lr 1.86e-04 | gnorm   0.96 |    16615 tok/s
step  56550 | loss  1.437 | ppl     4.21 | lr 1.86e-04 | gnorm   0.95 |    16867 tok/s
step  56600 | loss  1.444 | ppl     4.24 | lr 1.86e-04 | gnorm   0.99 |    16767 tok/s
step  56650 | loss  1.448 | ppl     4.25 | lr 1.86e-04 | gnorm   0.90 |    17021 tok/s
step  56700 | loss  1.416 | ppl     4.12 | lr 1.86e-04 | gnorm   0.75 |    16037 tok/s
step  56750 | loss  1.422 | ppl     4.15 | lr 1.86e-04 | gnorm   0.99 |    17106 tok/s
step  56800 | loss  1.428 | ppl     4.17 | lr 1.85e-04 | gnorm   0.95 |    16683 tok/s
step  56850 | loss  1.424 | ppl     4.15 | lr 1.85e-04 | gnorm   1.03 |    16744 tok/s
step  56900 | loss  1.435 | ppl     4.20 | lr 1.85e-04 | gnorm   0.82 |    16829 tok/s
step  56950 | loss  1.444 | ppl     4.24 | lr 1.85e-04 | gnorm   0.98 |    16985 tok/s
step  57000 | loss  1.421 | ppl     4.14 | lr 1.85e-04 | gnorm   0.80 |    15878 tok/s
step  57050 | loss  1.416 | ppl     4.12 | lr 1.85e-04 | gnorm   0.83 |    16741 tok/s
step  57100 | loss  1.440 | ppl     4.22 | lr 1.85e-04 | gnorm   0.89 |    16693 tok/s
step  57150 | loss  1.437 | ppl     4.21 | lr 1.85e-04 | gnorm   0.97 |    16877 tok/s
step  57200 | loss  1.436 | ppl     4.21 | lr 1.85e-04 | gnorm   1.00 |    16821 tok/s
step  57250 | loss  1.449 | ppl     4.26 | lr 1.85e-04 | gnorm   1.12 |    16500 tok/s
step  57300 | loss  1.421 | ppl     4.14 | lr 1.85e-04 | gnorm   0.84 |    15774 tok/s
step  57350 | loss  1.438 | ppl     4.21 | lr 1.85e-04 | gnorm   1.07 |    16587 tok/s
step  57400 | loss  1.423 | ppl     4.15 | lr 1.84e-04 | gnorm   0.77 |    16573 tok/s
step  57450 | loss  1.448 | ppl     4.25 | lr 1.84e-04 | gnorm   1.37 |    16611 tok/s
step  57500 | loss  1.447 | ppl     4.25 | lr 1.84e-04 | gnorm   1.07 |    16747 tok/s
step  57550 | loss  1.440 | ppl     4.22 | lr 1.84e-04 | gnorm   0.98 |    16544 tok/s
step  57600 | loss  1.425 | ppl     4.16 | lr 1.84e-04 | gnorm   0.95 |    15946 tok/s
step  57650 | loss  1.429 | ppl     4.17 | lr 1.84e-04 | gnorm   0.83 |    17217 tok/s
step  57700 | loss  1.434 | ppl     4.20 | lr 1.84e-04 | gnorm   0.86 |    16961 tok/s
step  57750 | loss  1.429 | ppl     4.17 | lr 1.84e-04 | gnorm   0.95 |    16872 tok/s
step  57800 | loss  1.431 | ppl     4.18 | lr 1.84e-04 | gnorm   1.00 |    16914 tok/s
step  57850 | loss  1.417 | ppl     4.12 | lr 1.84e-04 | gnorm   0.99 |    16670 tok/s
step  57900 | loss  1.428 | ppl     4.17 | lr 1.84e-04 | gnorm   0.89 |    15915 tok/s
step  57950 | loss  1.423 | ppl     4.15 | lr 1.84e-04 | gnorm   0.91 |    16890 tok/s
step  58000 | loss  1.430 | ppl     4.18 | lr 1.84e-04 | gnorm   0.85 |    17103 tok/s
  [eval @ 58000] val_loss 3.994 | val_ppl 54.25 | BLEU 20.98
step  58050 | loss  1.438 | ppl     4.21 | lr 1.83e-04 | gnorm   0.91 |     4580 tok/s
step  58100 | loss  1.418 | ppl     4.13 | lr 1.83e-04 | gnorm   0.75 |    16960 tok/s
step  58150 | loss  1.441 | ppl     4.22 | lr 1.83e-04 | gnorm   0.88 |    16934 tok/s
step  58200 | loss  1.417 | ppl     4.13 | lr 1.83e-04 | gnorm   0.82 |    15979 tok/s
step  58250 | loss  1.431 | ppl     4.18 | lr 1.83e-04 | gnorm   0.84 |    16986 tok/s
step  58300 | loss  1.444 | ppl     4.24 | lr 1.83e-04 | gnorm   0.95 |    16995 tok/s
step  58350 | loss  1.430 | ppl     4.18 | lr 1.83e-04 | gnorm   0.73 |    17038 tok/s
step  58400 | loss  1.440 | ppl     4.22 | lr 1.83e-04 | gnorm   0.84 |    16386 tok/s
step  58450 | loss  1.464 | ppl     4.32 | lr 1.83e-04 | gnorm   0.98 |    16702 tok/s
step  58500 | loss  1.415 | ppl     4.12 | lr 1.83e-04 | gnorm   0.73 |    15844 tok/s
step  58550 | loss  1.430 | ppl     4.18 | lr 1.83e-04 | gnorm   0.83 |    16768 tok/s
step  58600 | loss  1.437 | ppl     4.21 | lr 1.83e-04 | gnorm   1.15 |    16959 tok/s
step  58650 | loss  1.433 | ppl     4.19 | lr 1.82e-04 | gnorm   0.79 |    16789 tok/s
step  58700 | loss  1.436 | ppl     4.20 | lr 1.82e-04 | gnorm   0.93 |    17149 tok/s
step  58750 | loss  1.463 | ppl     4.32 | lr 1.82e-04 | gnorm   0.98 |    16869 tok/s
step  58800 | loss  1.427 | ppl     4.17 | lr 1.82e-04 | gnorm   0.84 |    15892 tok/s
step  58850 | loss  1.426 | ppl     4.16 | lr 1.82e-04 | gnorm   0.84 |    16628 tok/s
step  58900 | loss  1.419 | ppl     4.13 | lr 1.82e-04 | gnorm   0.86 |    16984 tok/s
step  58950 | loss  1.443 | ppl     4.23 | lr 1.82e-04 | gnorm   1.00 |    16628 tok/s
step  59000 | loss  1.433 | ppl     4.19 | lr 1.82e-04 | gnorm   1.10 |    16714 tok/s
step  59050 | loss  1.431 | ppl     4.18 | lr 1.82e-04 | gnorm   0.85 |    16667 tok/s
step  59100 | loss  1.420 | ppl     4.14 | lr 1.82e-04 | gnorm   0.76 |    15839 tok/s
step  59150 | loss  1.434 | ppl     4.19 | lr 1.82e-04 | gnorm   0.94 |    16180 tok/s
step  59200 | loss  1.428 | ppl     4.17 | lr 1.82e-04 | gnorm   0.86 |    16253 tok/s
step  59250 | loss  1.420 | ppl     4.14 | lr 1.82e-04 | gnorm   0.80 |    16386 tok/s
step  59300 | loss  1.427 | ppl     4.17 | lr 1.81e-04 | gnorm   0.95 |    16631 tok/s
step  59350 | loss  1.431 | ppl     4.18 | lr 1.81e-04 | gnorm   0.88 |    16625 tok/s
step  59400 | loss  1.419 | ppl     4.13 | lr 1.81e-04 | gnorm   0.85 |    15723 tok/s
step  59450 | loss  1.419 | ppl     4.13 | lr 1.81e-04 | gnorm   0.74 |    16451 tok/s
step  59500 | loss  1.442 | ppl     4.23 | lr 1.81e-04 | gnorm   1.88 |    16686 tok/s
step  59550 | loss  1.430 | ppl     4.18 | lr 1.81e-04 | gnorm   1.24 |    16555 tok/s
step  59600 | loss  1.430 | ppl     4.18 | lr 1.81e-04 | gnorm   0.85 |    16721 tok/s
step  59650 | loss  1.417 | ppl     4.13 | lr 1.81e-04 | gnorm   0.80 |    16424 tok/s
step  59700 | loss  1.424 | ppl     4.15 | lr 1.81e-04 | gnorm   0.99 |    15757 tok/s
step  59750 | loss  1.435 | ppl     4.20 | lr 1.81e-04 | gnorm   0.86 |    16565 tok/s
step  59800 | loss  1.442 | ppl     4.23 | lr 1.81e-04 | gnorm   0.90 |    16664 tok/s
step  59850 | loss  1.421 | ppl     4.14 | lr 1.81e-04 | gnorm   0.84 |    16992 tok/s
step  59900 | loss  1.430 | ppl     4.18 | lr 1.81e-04 | gnorm   1.09 |    16750 tok/s
step  59950 | loss  1.430 | ppl     4.18 | lr 1.80e-04 | gnorm   0.87 |    16606 tok/s
step  60000 | loss  1.404 | ppl     4.07 | lr 1.80e-04 | gnorm   0.75 |    15219 tok/s
  [eval @ 60000] val_loss 3.993 | val_ppl 54.23 | BLEU 20.90
step  60050 | loss  1.434 | ppl     4.19 | lr 1.80e-04 | gnorm   0.89 |     4378 tok/s
step  60100 | loss  1.430 | ppl     4.18 | lr 1.80e-04 | gnorm   0.85 |    16711 tok/s
step  60150 | loss  1.431 | ppl     4.18 | lr 1.80e-04 | gnorm   0.92 |    17114 tok/s
step  60200 | loss  1.427 | ppl     4.16 | lr 1.80e-04 | gnorm   0.80 |    16725 tok/s
step  60250 | loss  1.443 | ppl     4.23 | lr 1.80e-04 | gnorm   0.90 |    16945 tok/s
step  60300 | loss  1.421 | ppl     4.14 | lr 1.80e-04 | gnorm   0.80 |    15716 tok/s
step  60350 | loss  1.417 | ppl     4.13 | lr 1.80e-04 | gnorm   0.78 |    16938 tok/s
step  60400 | loss  1.434 | ppl     4.20 | lr 1.80e-04 | gnorm   0.97 |    16819 tok/s
step  60450 | loss  1.422 | ppl     4.14 | lr 1.80e-04 | gnorm   0.82 |    16664 tok/s
step  60500 | loss  1.423 | ppl     4.15 | lr 1.80e-04 | gnorm   0.90 |    16513 tok/s
step  60550 | loss  1.449 | ppl     4.26 | lr 1.80e-04 | gnorm   0.87 |    16814 tok/s
step  60600 | loss  1.440 | ppl     4.22 | lr 1.80e-04 | gnorm   2.32 |    16373 tok/s
step  60650 | loss  1.418 | ppl     4.13 | lr 1.79e-04 | gnorm   0.88 |    16070 tok/s
step  60700 | loss  1.423 | ppl     4.15 | lr 1.79e-04 | gnorm   0.79 |    17000 tok/s
step  60750 | loss  1.429 | ppl     4.18 | lr 1.79e-04 | gnorm   0.81 |    16778 tok/s
step  60800 | loss  1.424 | ppl     4.15 | lr 1.79e-04 | gnorm   0.90 |    17085 tok/s
step  60850 | loss  1.435 | ppl     4.20 | lr 1.79e-04 | gnorm   0.98 |    16544 tok/s
step  60900 | loss  1.427 | ppl     4.17 | lr 1.79e-04 | gnorm   1.00 |    16973 tok/s
step  60950 | loss  1.436 | ppl     4.20 | lr 1.79e-04 | gnorm   0.96 |    15813 tok/s
step  61000 | loss  1.432 | ppl     4.19 | lr 1.79e-04 | gnorm   0.87 |    16759 tok/s
step  61050 | loss  1.434 | ppl     4.19 | lr 1.79e-04 | gnorm   1.05 |    17025 tok/s
step  61100 | loss  1.420 | ppl     4.14 | lr 1.79e-04 | gnorm   0.80 |    16677 tok/s
step  61150 | loss  1.423 | ppl     4.15 | lr 1.79e-04 | gnorm   0.78 |    16860 tok/s
step  61200 | loss  1.428 | ppl     4.17 | lr 1.79e-04 | gnorm   0.94 |    16835 tok/s
step  61250 | loss  1.431 | ppl     4.18 | lr 1.79e-04 | gnorm   0.90 |    15523 tok/s
step  61300 | loss  1.406 | ppl     4.08 | lr 1.78e-04 | gnorm   0.90 |    16820 tok/s
step  61350 | loss  1.423 | ppl     4.15 | lr 1.78e-04 | gnorm   0.94 |    16770 tok/s
step  61400 | loss  1.436 | ppl     4.20 | lr 1.78e-04 | gnorm   0.91 |    16815 tok/s
step  61450 | loss  1.428 | ppl     4.17 | lr 1.78e-04 | gnorm   0.82 |    16587 tok/s
step  61500 | loss  1.435 | ppl     4.20 | lr 1.78e-04 | gnorm   0.90 |    17085 tok/s
step  61550 | loss  1.422 | ppl     4.15 | lr 1.78e-04 | gnorm   1.63 |    15208 tok/s
step  61600 | loss  1.422 | ppl     4.14 | lr 1.78e-04 | gnorm   0.80 |    16278 tok/s
step  61650 | loss  1.439 | ppl     4.22 | lr 1.78e-04 | gnorm   0.98 |    16020 tok/s
step  61700 | loss  1.431 | ppl     4.18 | lr 1.78e-04 | gnorm   1.12 |    17047 tok/s
step  61750 | loss  1.411 | ppl     4.10 | lr 1.78e-04 | gnorm   0.95 |    16878 tok/s
step  61800 | loss  1.427 | ppl     4.17 | lr 1.78e-04 | gnorm   0.83 |    16733 tok/s
step  61850 | loss  1.414 | ppl     4.11 | lr 1.78e-04 | gnorm   0.88 |    15185 tok/s
step  61900 | loss  1.417 | ppl     4.12 | lr 1.78e-04 | gnorm   0.82 |    16364 tok/s
step  61950 | loss  1.422 | ppl     4.15 | lr 1.78e-04 | gnorm   0.85 |    16483 tok/s
step  62000 | loss  1.445 | ppl     4.24 | lr 1.77e-04 | gnorm   1.31 |    16769 tok/s
  [eval @ 62000] val_loss 3.992 | val_ppl 54.18 | BLEU 21.44
step  62050 | loss  1.437 | ppl     4.21 | lr 1.77e-04 | gnorm   1.12 |     4313 tok/s
step  62100 | loss  1.445 | ppl     4.24 | lr 1.77e-04 | gnorm   2.32 |    16561 tok/s
step  62150 | loss  1.432 | ppl     4.19 | lr 1.77e-04 | gnorm   0.97 |    15813 tok/s
step  62200 | loss  1.426 | ppl     4.16 | lr 1.77e-04 | gnorm   0.99 |    16631 tok/s
step  62250 | loss  1.420 | ppl     4.14 | lr 1.77e-04 | gnorm   0.84 |    16804 tok/s
step  62300 | loss  1.433 | ppl     4.19 | lr 1.77e-04 | gnorm   1.02 |    16625 tok/s
step  62350 | loss  1.435 | ppl     4.20 | lr 1.77e-04 | gnorm   0.98 |    16951 tok/s
step  62400 | loss  1.441 | ppl     4.22 | lr 1.77e-04 | gnorm   0.85 |    16978 tok/s
step  62450 | loss  1.426 | ppl     4.16 | lr 1.77e-04 | gnorm   0.83 |    15749 tok/s
step  62500 | loss  1.419 | ppl     4.13 | lr 1.77e-04 | gnorm   0.85 |    17090 tok/s
step  62550 | loss  1.430 | ppl     4.18 | lr 1.77e-04 | gnorm   1.26 |    16849 tok/s
step  62600 | loss  1.439 | ppl     4.22 | lr 1.77e-04 | gnorm   0.79 |    16728 tok/s
step  62650 | loss  1.434 | ppl     4.19 | lr 1.77e-04 | gnorm   1.11 |    17052 tok/s
step  62700 | loss  1.424 | ppl     4.16 | lr 1.76e-04 | gnorm   1.00 |    16760 tok/s
step  62750 | loss  1.414 | ppl     4.11 | lr 1.76e-04 | gnorm   0.78 |    15671 tok/s
step  62800 | loss  1.421 | ppl     4.14 | lr 1.76e-04 | gnorm   0.76 |    16850 tok/s
step  62850 | loss  1.440 | ppl     4.22 | lr 1.76e-04 | gnorm   0.98 |    17237 tok/s
step  62900 | loss  1.414 | ppl     4.11 | lr 1.76e-04 | gnorm   0.76 |    16975 tok/s
step  62950 | loss  1.436 | ppl     4.20 | lr 1.76e-04 | gnorm   0.97 |    16709 tok/s
step  63000 | loss  1.423 | ppl     4.15 | lr 1.76e-04 | gnorm   0.79 |    16887 tok/s
step  63050 | loss  1.417 | ppl     4.12 | lr 1.76e-04 | gnorm   0.84 |    16045 tok/s
step  63100 | loss  1.420 | ppl     4.14 | lr 1.76e-04 | gnorm   0.90 |    16745 tok/s
step  63150 | loss  1.420 | ppl     4.14 | lr 1.76e-04 | gnorm   0.99 |    16877 tok/s
step  63200 | loss  1.408 | ppl     4.09 | lr 1.76e-04 | gnorm   0.78 |    16687 tok/s
step  63250 | loss  1.426 | ppl     4.16 | lr 1.76e-04 | gnorm   0.92 |    16951 tok/s
step  63300 | loss  1.444 | ppl     4.24 | lr 1.76e-04 | gnorm   1.04 |    16846 tok/s
step  63350 | loss  1.424 | ppl     4.15 | lr 1.76e-04 | gnorm   0.83 |    15674 tok/s
step  63400 | loss  1.414 | ppl     4.11 | lr 1.76e-04 | gnorm   0.96 |    16441 tok/s
step  63450 | loss  1.436 | ppl     4.20 | lr 1.75e-04 | gnorm   0.90 |    16538 tok/s
step  63500 | loss  1.409 | ppl     4.09 | lr 1.75e-04 | gnorm   0.70 |    16694 tok/s
step  63550 | loss  1.431 | ppl     4.18 | lr 1.75e-04 | gnorm   1.03 |    16926 tok/s
step  63600 | loss  1.419 | ppl     4.13 | lr 1.75e-04 | gnorm   0.85 |    16532 tok/s
step  63650 | loss  1.416 | ppl     4.12 | lr 1.75e-04 | gnorm   0.97 |    15386 tok/s
step  63700 | loss  1.411 | ppl     4.10 | lr 1.75e-04 | gnorm   0.94 |    16693 tok/s
step  63750 | loss  1.417 | ppl     4.13 | lr 1.75e-04 | gnorm   0.75 |    16584 tok/s
step  63800 | loss  1.419 | ppl     4.13 | lr 1.75e-04 | gnorm   0.93 |    16761 tok/s
step  63850 | loss  1.421 | ppl     4.14 | lr 1.75e-04 | gnorm   0.85 |    16481 tok/s
step  63900 | loss  1.426 | ppl     4.16 | lr 1.75e-04 | gnorm   0.93 |    16558 tok/s
step  63950 | loss  1.417 | ppl     4.13 | lr 1.75e-04 | gnorm   1.04 |    15587 tok/s
step  64000 | loss  1.425 | ppl     4.16 | lr 1.75e-04 | gnorm   0.88 |    16542 tok/s
  [eval @ 64000] val_loss 3.992 | val_ppl 54.17 | BLEU 21.29
step  64050 | loss  1.403 | ppl     4.07 | lr 1.75e-04 | gnorm   0.76 |     4576 tok/s
step  64100 | loss  1.424 | ppl     4.15 | lr 1.75e-04 | gnorm   0.91 |    16750 tok/s
step  64150 | loss  1.427 | ppl     4.17 | lr 1.74e-04 | gnorm   1.03 |    16458 tok/s
step  64200 | loss  1.419 | ppl     4.13 | lr 1.74e-04 | gnorm   0.89 |    16611 tok/s
step  64250 | loss  1.420 | ppl     4.14 | lr 1.74e-04 | gnorm   1.09 |    15693 tok/s
step  64300 | loss  1.407 | ppl     4.09 | lr 1.74e-04 | gnorm   0.81 |    16527 tok/s
step  64350 | loss  1.408 | ppl     4.09 | lr 1.74e-04 | gnorm   0.78 |    16694 tok/s
step  64400 | loss  1.450 | ppl     4.26 | lr 1.74e-04 | gnorm   1.08 |    16517 tok/s
step  64450 | loss  1.433 | ppl     4.19 | lr 1.74e-04 | gnorm   0.87 |    16625 tok/s
step  64500 | loss  1.428 | ppl     4.17 | lr 1.74e-04 | gnorm   0.86 |    16629 tok/s
step  64550 | loss  1.409 | ppl     4.09 | lr 1.74e-04 | gnorm   0.88 |    15574 tok/s
step  64600 | loss  1.439 | ppl     4.22 | lr 1.74e-04 | gnorm   0.98 |    16871 tok/s
step  64650 | loss  1.414 | ppl     4.11 | lr 1.74e-04 | gnorm   0.89 |    16408 tok/s
step  64700 | loss  1.416 | ppl     4.12 | lr 1.74e-04 | gnorm   0.96 |    16450 tok/s
step  64750 | loss  1.422 | ppl     4.15 | lr 1.74e-04 | gnorm   1.06 |    16864 tok/s
step  64800 | loss  1.435 | ppl     4.20 | lr 1.74e-04 | gnorm   0.83 |    16653 tok/s
step  64850 | loss  1.412 | ppl     4.10 | lr 1.74e-04 | gnorm   0.69 |    15748 tok/s
step  64900 | loss  1.423 | ppl     4.15 | lr 1.73e-04 | gnorm   0.87 |    16686 tok/s
step  64950 | loss  1.419 | ppl     4.13 | lr 1.73e-04 | gnorm   0.87 |    16664 tok/s
step  65000 | loss  1.418 | ppl     4.13 | lr 1.73e-04 | gnorm   0.99 |    16523 tok/s
step  65050 | loss  1.426 | ppl     4.16 | lr 1.73e-04 | gnorm   0.93 |    16664 tok/s
step  65100 | loss  1.418 | ppl     4.13 | lr 1.73e-04 | gnorm   0.79 |    16713 tok/s
step  65150 | loss  1.425 | ppl     4.16 | lr 1.73e-04 | gnorm   0.98 |    15740 tok/s
step  65200 | loss  1.431 | ppl     4.18 | lr 1.73e-04 | gnorm   0.86 |    16440 tok/s
step  65250 | loss  1.434 | ppl     4.20 | lr 1.73e-04 | gnorm   0.94 |    16246 tok/s
step  65300 | loss  1.423 | ppl     4.15 | lr 1.73e-04 | gnorm   0.84 |    16676 tok/s
step  65350 | loss  1.418 | ppl     4.13 | lr 1.73e-04 | gnorm   0.89 |    16670 tok/s
step  65400 | loss  1.430 | ppl     4.18 | lr 1.73e-04 | gnorm   0.89 |    16664 tok/s
step  65450 | loss  1.417 | ppl     4.12 | lr 1.73e-04 | gnorm   1.02 |    15774 tok/s
step  65500 | loss  1.411 | ppl     4.10 | lr 1.73e-04 | gnorm   0.74 |    16626 tok/s
step  65550 | loss  1.436 | ppl     4.20 | lr 1.73e-04 | gnorm   0.95 |    16283 tok/s
step  65600 | loss  1.417 | ppl     4.13 | lr 1.73e-04 | gnorm   0.93 |    16520 tok/s
step  65650 | loss  1.433 | ppl     4.19 | lr 1.72e-04 | gnorm   0.95 |    16323 tok/s
step  65700 | loss  1.424 | ppl     4.15 | lr 1.72e-04 | gnorm   0.87 |    16444 tok/s
step  65750 | loss  1.430 | ppl     4.18 | lr 1.72e-04 | gnorm   0.82 |    16765 tok/s
step  65800 | loss  1.415 | ppl     4.12 | lr 1.72e-04 | gnorm   0.88 |    15662 tok/s
step  65850 | loss  1.420 | ppl     4.14 | lr 1.72e-04 | gnorm   0.89 |    16751 tok/s
step  65900 | loss  1.438 | ppl     4.21 | lr 1.72e-04 | gnorm   0.93 |    16741 tok/s
step  65950 | loss  1.434 | ppl     4.20 | lr 1.72e-04 | gnorm   1.00 |    16756 tok/s
step  66000 | loss  1.433 | ppl     4.19 | lr 1.72e-04 | gnorm   0.99 |    16324 tok/s
  [eval @ 66000] val_loss 4.008 | val_ppl 55.04 | BLEU 20.98
step  66050 | loss  1.425 | ppl     4.16 | lr 1.72e-04 | gnorm   1.01 |     4512 tok/s
step  66100 | loss  1.415 | ppl     4.12 | lr 1.72e-04 | gnorm   0.73 |    15713 tok/s
step  66150 | loss  1.414 | ppl     4.11 | lr 1.72e-04 | gnorm   0.85 |    16879 tok/s
step  66200 | loss  1.424 | ppl     4.15 | lr 1.72e-04 | gnorm   0.87 |    16416 tok/s
step  66250 | loss  1.429 | ppl     4.17 | lr 1.72e-04 | gnorm   0.89 |    15953 tok/s
step  66300 | loss  1.413 | ppl     4.11 | lr 1.72e-04 | gnorm   0.89 |    15977 tok/s
step  66350 | loss  1.424 | ppl     4.15 | lr 1.72e-04 | gnorm   0.81 |    16481 tok/s
step  66400 | loss  1.421 | ppl     4.14 | lr 1.72e-04 | gnorm   0.85 |    15679 tok/s
step  66450 | loss  1.418 | ppl     4.13 | lr 1.71e-04 | gnorm   0.97 |    16564 tok/s
step  66500 | loss  1.407 | ppl     4.09 | lr 1.71e-04 | gnorm   0.80 |    16831 tok/s
step  66550 | loss  1.415 | ppl     4.12 | lr 1.71e-04 | gnorm   0.83 |    16714 tok/s
step  66600 | loss  1.413 | ppl     4.11 | lr 1.71e-04 | gnorm   0.85 |    16985 tok/s
step  66650 | loss  1.417 | ppl     4.12 | lr 1.71e-04 | gnorm   0.98 |    16819 tok/s
step  66700 | loss  1.398 | ppl     4.05 | lr 1.71e-04 | gnorm   0.74 |    15939 tok/s
step  66750 | loss  1.404 | ppl     4.07 | lr 1.71e-04 | gnorm   0.72 |    16888 tok/s
step  66800 | loss  1.430 | ppl     4.18 | lr 1.71e-04 | gnorm   0.86 |    16863 tok/s
step  66850 | loss  1.430 | ppl     4.18 | lr 1.71e-04 | gnorm   0.91 |    17162 tok/s
step  66900 | loss  1.424 | ppl     4.15 | lr 1.71e-04 | gnorm   0.94 |    16966 tok/s
step  66950 | loss  1.418 | ppl     4.13 | lr 1.71e-04 | gnorm   0.88 |    16956 tok/s
step  67000 | loss  1.428 | ppl     4.17 | lr 1.71e-04 | gnorm   1.19 |    15771 tok/s
step  67050 | loss  1.429 | ppl     4.17 | lr 1.71e-04 | gnorm   1.01 |    16769 tok/s
step  67100 | loss  1.407 | ppl     4.08 | lr 1.71e-04 | gnorm   0.91 |    16504 tok/s
step  67150 | loss  1.432 | ppl     4.19 | lr 1.71e-04 | gnorm   1.03 |    16777 tok/s
step  67200 | loss  1.431 | ppl     4.18 | lr 1.70e-04 | gnorm   0.86 |    17020 tok/s
step  67250 | loss  1.419 | ppl     4.13 | lr 1.70e-04 | gnorm   0.91 |    16791 tok/s
step  67300 | loss  1.402 | ppl     4.06 | lr 1.70e-04 | gnorm   0.84 |    16038 tok/s
step  67350 | loss  1.416 | ppl     4.12 | lr 1.70e-04 | gnorm   1.06 |    16708 tok/s
step  67400 | loss  1.419 | ppl     4.13 | lr 1.70e-04 | gnorm   0.75 |    16425 tok/s
step  67450 | loss  1.409 | ppl     4.09 | lr 1.70e-04 | gnorm   0.78 |    16543 tok/s
step  67500 | loss  1.408 | ppl     4.09 | lr 1.70e-04 | gnorm   1.10 |    16971 tok/s
step  67550 | loss  1.429 | ppl     4.17 | lr 1.70e-04 | gnorm   1.33 |    16750 tok/s
step  67600 | loss  1.414 | ppl     4.11 | lr 1.70e-04 | gnorm   0.94 |    15451 tok/s
step  67650 | loss  1.424 | ppl     4.15 | lr 1.70e-04 | gnorm   0.86 |    16183 tok/s
step  67700 | loss  1.411 | ppl     4.10 | lr 1.70e-04 | gnorm   0.85 |    16014 tok/s
step  67750 | loss  1.437 | ppl     4.21 | lr 1.70e-04 | gnorm   1.24 |    16750 tok/s
step  67800 | loss  1.423 | ppl     4.15 | lr 1.70e-04 | gnorm   0.88 |    16760 tok/s
step  67850 | loss  1.421 | ppl     4.14 | lr 1.70e-04 | gnorm   0.88 |    16649 tok/s
step  67900 | loss  1.409 | ppl     4.09 | lr 1.70e-04 | gnorm   0.78 |    15744 tok/s
step  67950 | loss  1.412 | ppl     4.10 | lr 1.70e-04 | gnorm   0.81 |    16796 tok/s
step  68000 | loss  1.415 | ppl     4.12 | lr 1.69e-04 | gnorm   0.82 |    16742 tok/s
  [eval @ 68000] val_loss 3.993 | val_ppl 54.21 | BLEU 21.10
step  68050 | loss  1.423 | ppl     4.15 | lr 1.69e-04 | gnorm   0.84 |     4467 tok/s
step  68100 | loss  1.420 | ppl     4.14 | lr 1.69e-04 | gnorm   0.83 |    16969 tok/s
step  68150 | loss  1.425 | ppl     4.16 | lr 1.69e-04 | gnorm   0.94 |    16884 tok/s
step  68200 | loss  1.412 | ppl     4.10 | lr 1.69e-04 | gnorm   0.87 |    15850 tok/s
step  68250 | loss  1.416 | ppl     4.12 | lr 1.69e-04 | gnorm   0.91 |    16826 tok/s
step  68300 | loss  1.421 | ppl     4.14 | lr 1.69e-04 | gnorm   0.85 |    16941 tok/s
step  68350 | loss  1.404 | ppl     4.07 | lr 1.69e-04 | gnorm   0.86 |    16796 tok/s
step  68400 | loss  1.417 | ppl     4.12 | lr 1.69e-04 | gnorm   0.83 |    17328 tok/s
step  68450 | loss  1.423 | ppl     4.15 | lr 1.69e-04 | gnorm   1.13 |    17312 tok/s
step  68500 | loss  1.395 | ppl     4.04 | lr 1.69e-04 | gnorm   0.81 |    16043 tok/s
step  68550 | loss  1.415 | ppl     4.12 | lr 1.69e-04 | gnorm   0.92 |    16768 tok/s
step  68600 | loss  1.403 | ppl     4.07 | lr 1.69e-04 | gnorm   0.76 |    17316 tok/s
step  68650 | loss  1.411 | ppl     4.10 | lr 1.69e-04 | gnorm   0.74 |    16928 tok/s
step  68700 | loss  1.418 | ppl     4.13 | lr 1.69e-04 | gnorm   0.91 |    17445 tok/s
step  68750 | loss  1.413 | ppl     4.11 | lr 1.69e-04 | gnorm   0.91 |    17072 tok/s
step  68800 | loss  1.412 | ppl     4.10 | lr 1.68e-04 | gnorm   0.89 |    16179 tok/s
step  68850 | loss  1.400 | ppl     4.06 | lr 1.68e-04 | gnorm   0.93 |    17097 tok/s
step  68900 | loss  1.418 | ppl     4.13 | lr 1.68e-04 | gnorm   0.94 |    17334 tok/s
step  68950 | loss  1.426 | ppl     4.16 | lr 1.68e-04 | gnorm   0.87 |    17079 tok/s
step  69000 | loss  1.443 | ppl     4.23 | lr 1.68e-04 | gnorm   1.04 |    17232 tok/s
step  69050 | loss  1.422 | ppl     4.15 | lr 1.68e-04 | gnorm   1.32 |    17248 tok/s
step  69100 | loss  1.411 | ppl     4.10 | lr 1.68e-04 | gnorm   0.84 |    16152 tok/s
step  69150 | loss  1.417 | ppl     4.12 | lr 1.68e-04 | gnorm   0.78 |    17188 tok/s
step  69200 | loss  1.421 | ppl     4.14 | lr 1.68e-04 | gnorm   0.97 |    17032 tok/s
step  69250 | loss  1.415 | ppl     4.12 | lr 1.68e-04 | gnorm   0.79 |    17480 tok/s
step  69300 | loss  1.416 | ppl     4.12 | lr 1.68e-04 | gnorm   0.98 |    17047 tok/s
step  69350 | loss  1.418 | ppl     4.13 | lr 1.68e-04 | gnorm   0.96 |    16907 tok/s
step  69400 | loss  1.418 | ppl     4.13 | lr 1.68e-04 | gnorm   0.95 |    16170 tok/s
step  69450 | loss  1.424 | ppl     4.15 | lr 1.68e-04 | gnorm   0.94 |    17138 tok/s
step  69500 | loss  1.413 | ppl     4.11 | lr 1.68e-04 | gnorm   0.78 |    17243 tok/s
step  69550 | loss  1.420 | ppl     4.14 | lr 1.68e-04 | gnorm   1.01 |    17182 tok/s
step  69600 | loss  1.420 | ppl     4.14 | lr 1.68e-04 | gnorm   0.87 |    17523 tok/s
step  69650 | loss  1.412 | ppl     4.11 | lr 1.67e-04 | gnorm   0.79 |    17160 tok/s
step  69700 | loss  1.411 | ppl     4.10 | lr 1.67e-04 | gnorm   0.76 |    16258 tok/s
step  69750 | loss  1.411 | ppl     4.10 | lr 1.67e-04 | gnorm   0.81 |    17111 tok/s
step  69800 | loss  1.406 | ppl     4.08 | lr 1.67e-04 | gnorm   0.83 |    17112 tok/s
step  69850 | loss  1.408 | ppl     4.09 | lr 1.67e-04 | gnorm   0.80 |    17233 tok/s
step  69900 | loss  1.412 | ppl     4.10 | lr 1.67e-04 | gnorm   0.84 |    17229 tok/s
step  69950 | loss  1.396 | ppl     4.04 | lr 1.67e-04 | gnorm   0.73 |    17132 tok/s
step  70000 | loss  1.416 | ppl     4.12 | lr 1.67e-04 | gnorm   0.87 |    15969 tok/s
  [eval @ 70000] val_loss 3.998 | val_ppl 54.47 | BLEU 20.94
step  70050 | loss  1.417 | ppl     4.12 | lr 1.67e-04 | gnorm   0.78 |     4540 tok/s
step  70100 | loss  1.423 | ppl     4.15 | lr 1.67e-04 | gnorm   1.15 |    16603 tok/s
step  70150 | loss  1.394 | ppl     4.03 | lr 1.67e-04 | gnorm   0.78 |    16336 tok/s
step  70200 | loss  1.408 | ppl     4.09 | lr 1.67e-04 | gnorm   0.84 |    16613 tok/s
step  70250 | loss  1.430 | ppl     4.18 | lr 1.67e-04 | gnorm   0.97 |    16158 tok/s
step  70300 | loss  1.415 | ppl     4.12 | lr 1.67e-04 | gnorm   0.83 |    15645 tok/s
step  70350 | loss  1.403 | ppl     4.07 | lr 1.67e-04 | gnorm   0.89 |    17111 tok/s
step  70400 | loss  1.418 | ppl     4.13 | lr 1.67e-04 | gnorm   0.87 |    17265 tok/s
step  70450 | loss  1.410 | ppl     4.10 | lr 1.67e-04 | gnorm   0.87 |    17320 tok/s
step  70500 | loss  1.416 | ppl     4.12 | lr 1.66e-04 | gnorm   0.80 |    17380 tok/s
step  70550 | loss  1.422 | ppl     4.14 | lr 1.66e-04 | gnorm   1.59 |    17103 tok/s
step  70600 | loss  1.401 | ppl     4.06 | lr 1.66e-04 | gnorm   0.79 |    16206 tok/s
step  70650 | loss  1.409 | ppl     4.09 | lr 1.66e-04 | gnorm   1.53 |    17092 tok/s
step  70700 | loss  1.417 | ppl     4.12 | lr 1.66e-04 | gnorm   0.93 |    17113 tok/s
step  70750 | loss  1.414 | ppl     4.11 | lr 1.66e-04 | gnorm   1.08 |    17221 tok/s
step  70800 | loss  1.437 | ppl     4.21 | lr 1.66e-04 | gnorm   1.14 |    17530 tok/s
step  70850 | loss  1.413 | ppl     4.11 | lr 1.66e-04 | gnorm   0.81 |    17180 tok/s
step  70900 | loss  1.420 | ppl     4.14 | lr 1.66e-04 | gnorm   0.87 |    17228 tok/s
step  70950 | loss  1.416 | ppl     4.12 | lr 1.66e-04 | gnorm   1.01 |    16132 tok/s
step  71000 | loss  1.415 | ppl     4.12 | lr 1.66e-04 | gnorm   0.93 |    16947 tok/s
step  71050 | loss  1.409 | ppl     4.09 | lr 1.66e-04 | gnorm   0.89 |    17412 tok/s
step  71100 | loss  1.421 | ppl     4.14 | lr 1.66e-04 | gnorm   1.24 |    17231 tok/s
step  71150 | loss  1.419 | ppl     4.13 | lr 1.66e-04 | gnorm   1.09 |    17096 tok/s
step  71200 | loss  1.430 | ppl     4.18 | lr 1.66e-04 | gnorm   0.99 |    17524 tok/s
step  71250 | loss  1.408 | ppl     4.09 | lr 1.66e-04 | gnorm   0.85 |    16180 tok/s
step  71300 | loss  1.400 | ppl     4.05 | lr 1.66e-04 | gnorm   0.84 |    17371 tok/s
step  71350 | loss  1.421 | ppl     4.14 | lr 1.65e-04 | gnorm   0.85 |    16890 tok/s
step  71400 | loss  1.413 | ppl     4.11 | lr 1.65e-04 | gnorm   0.85 |    17263 tok/s
step  71450 | loss  1.421 | ppl     4.14 | lr 1.65e-04 | gnorm   0.93 |    16954 tok/s
step  71500 | loss  1.427 | ppl     4.17 | lr 1.65e-04 | gnorm   0.87 |    17274 tok/s
step  71550 | loss  1.416 | ppl     4.12 | lr 1.65e-04 | gnorm   0.91 |    16043 tok/s
step  71600 | loss  1.392 | ppl     4.02 | lr 1.65e-04 | gnorm   0.83 |    16859 tok/s
step  71650 | loss  1.409 | ppl     4.09 | lr 1.65e-04 | gnorm   0.83 |    17268 tok/s
step  71700 | loss  1.413 | ppl     4.11 | lr 1.65e-04 | gnorm   1.20 |    17098 tok/s
step  71750 | loss  1.409 | ppl     4.09 | lr 1.65e-04 | gnorm   0.86 |    16891 tok/s
step  71800 | loss  1.419 | ppl     4.13 | lr 1.65e-04 | gnorm   0.94 |    17218 tok/s
step  71850 | loss  1.404 | ppl     4.07 | lr 1.65e-04 | gnorm   0.78 |    15975 tok/s
step  71900 | loss  1.411 | ppl     4.10 | lr 1.65e-04 | gnorm   0.82 |    17246 tok/s
step  71950 | loss  1.407 | ppl     4.08 | lr 1.65e-04 | gnorm   0.85 |    17008 tok/s
step  72000 | loss  1.409 | ppl     4.09 | lr 1.65e-04 | gnorm   0.85 |    17337 tok/s
  [eval @ 72000] val_loss 4.005 | val_ppl 54.85 | BLEU 20.95
step  72050 | loss  1.414 | ppl     4.11 | lr 1.65e-04 | gnorm   1.00 |     4420 tok/s
step  72100 | loss  1.416 | ppl     4.12 | lr 1.65e-04 | gnorm   0.81 |    17080 tok/s
step  72150 | loss  1.404 | ppl     4.07 | lr 1.65e-04 | gnorm   0.77 |    16000 tok/s
step  72200 | loss  1.395 | ppl     4.03 | lr 1.64e-04 | gnorm   0.76 |    16966 tok/s
step  72250 | loss  1.410 | ppl     4.10 | lr 1.64e-04 | gnorm   0.97 |    17298 tok/s
step  72300 | loss  1.394 | ppl     4.03 | lr 1.64e-04 | gnorm   0.79 |    17267 tok/s
step  72350 | loss  1.418 | ppl     4.13 | lr 1.64e-04 | gnorm   0.83 |    17280 tok/s
step  72400 | loss  1.415 | ppl     4.12 | lr 1.64e-04 | gnorm   0.83 |    17044 tok/s
step  72450 | loss  1.403 | ppl     4.07 | lr 1.64e-04 | gnorm   0.77 |    16104 tok/s
step  72500 | loss  1.424 | ppl     4.15 | lr 1.64e-04 | gnorm   0.90 |    17129 tok/s
step  72550 | loss  1.405 | ppl     4.07 | lr 1.64e-04 | gnorm   0.87 |    17139 tok/s
step  72600 | loss  1.418 | ppl     4.13 | lr 1.64e-04 | gnorm   0.96 |    16975 tok/s
step  72650 | loss  1.405 | ppl     4.08 | lr 1.64e-04 | gnorm   0.99 |    16622 tok/s
step  72700 | loss  1.417 | ppl     4.13 | lr 1.64e-04 | gnorm   1.00 |    16737 tok/s
step  72750 | loss  1.402 | ppl     4.06 | lr 1.64e-04 | gnorm   0.94 |    15800 tok/s
step  72800 | loss  1.411 | ppl     4.10 | lr 1.64e-04 | gnorm   0.80 |    16977 tok/s
step  72850 | loss  1.406 | ppl     4.08 | lr 1.64e-04 | gnorm   0.87 |    16684 tok/s
step  72900 | loss  1.418 | ppl     4.13 | lr 1.64e-04 | gnorm   0.91 |    16636 tok/s
step  72950 | loss  1.422 | ppl     4.14 | lr 1.64e-04 | gnorm   1.14 |    16595 tok/s
step  73000 | loss  1.433 | ppl     4.19 | lr 1.64e-04 | gnorm   0.94 |    16596 tok/s
step  73050 | loss  1.409 | ppl     4.09 | lr 1.64e-04 | gnorm   0.90 |    16332 tok/s
step  73100 | loss  1.397 | ppl     4.04 | lr 1.63e-04 | gnorm   1.31 |    16873 tok/s
step  73150 | loss  1.411 | ppl     4.10 | lr 1.63e-04 | gnorm   0.91 |    16665 tok/s
step  73200 | loss  1.416 | ppl     4.12 | lr 1.63e-04 | gnorm   0.89 |    16935 tok/s
step  73250 | loss  1.414 | ppl     4.11 | lr 1.63e-04 | gnorm   0.89 |    16289 tok/s
step  73300 | loss  1.408 | ppl     4.09 | lr 1.63e-04 | gnorm   0.87 |    16515 tok/s
step  73350 | loss  1.412 | ppl     4.11 | lr 1.63e-04 | gnorm   0.84 |    15362 tok/s
step  73400 | loss  1.418 | ppl     4.13 | lr 1.63e-04 | gnorm   0.91 |    16403 tok/s
step  73450 | loss  1.404 | ppl     4.07 | lr 1.63e-04 | gnorm   0.91 |    16420 tok/s
step  73500 | loss  1.412 | ppl     4.10 | lr 1.63e-04 | gnorm   0.90 |    16764 tok/s
step  73550 | loss  1.398 | ppl     4.05 | lr 1.63e-04 | gnorm   0.75 |    16696 tok/s
step  73600 | loss  1.419 | ppl     4.13 | lr 1.63e-04 | gnorm   0.88 |    16618 tok/s
step  73650 | loss  1.419 | ppl     4.13 | lr 1.63e-04 | gnorm   0.95 |    15632 tok/s
step  73700 | loss  1.421 | ppl     4.14 | lr 1.63e-04 | gnorm   1.00 |    16871 tok/s
step  73750 | loss  1.417 | ppl     4.12 | lr 1.63e-04 | gnorm   0.90 |    16689 tok/s
step  73800 | loss  1.414 | ppl     4.11 | lr 1.63e-04 | gnorm   0.83 |    16864 tok/s
step  73850 | loss  1.428 | ppl     4.17 | lr 1.63e-04 | gnorm   0.92 |    16626 tok/s
step  73900 | loss  1.426 | ppl     4.16 | lr 1.63e-04 | gnorm   1.09 |    16915 tok/s
step  73950 | loss  1.394 | ppl     4.03 | lr 1.63e-04 | gnorm   1.03 |    15596 tok/s
step  74000 | loss  1.399 | ppl     4.05 | lr 1.62e-04 | gnorm   0.98 |    16663 tok/s
  [eval @ 74000] val_loss 4.011 | val_ppl 55.22 | BLEU 21.00
step  74050 | loss  1.408 | ppl     4.09 | lr 1.62e-04 | gnorm   0.89 |     4614 tok/s
step  74100 | loss  1.421 | ppl     4.14 | lr 1.62e-04 | gnorm   0.95 |    16671 tok/s
step  74150 | loss  1.419 | ppl     4.13 | lr 1.62e-04 | gnorm   0.89 |    16746 tok/s
step  74200 | loss  1.432 | ppl     4.19 | lr 1.62e-04 | gnorm   0.99 |    16849 tok/s
step  74250 | loss  1.397 | ppl     4.04 | lr 1.62e-04 | gnorm   0.82 |    15557 tok/s
step  74300 | loss  1.409 | ppl     4.09 | lr 1.62e-04 | gnorm   1.00 |    16602 tok/s
step  74350 | loss  1.407 | ppl     4.08 | lr 1.62e-04 | gnorm   0.89 |    16670 tok/s
step  74400 | loss  1.396 | ppl     4.04 | lr 1.62e-04 | gnorm   0.79 |    17212 tok/s
step  74450 | loss  1.415 | ppl     4.11 | lr 1.62e-04 | gnorm   0.87 |    16725 tok/s
step  74500 | loss  1.416 | ppl     4.12 | lr 1.62e-04 | gnorm   0.79 |    16817 tok/s
step  74550 | loss  1.404 | ppl     4.07 | lr 1.62e-04 | gnorm   0.91 |    15630 tok/s
step  74600 | loss  1.409 | ppl     4.09 | lr 1.62e-04 | gnorm   0.82 |    17078 tok/s
step  74650 | loss  1.402 | ppl     4.06 | lr 1.62e-04 | gnorm   0.82 |    16659 tok/s
step  74700 | loss  1.410 | ppl     4.09 | lr 1.62e-04 | gnorm   1.00 |    16700 tok/s
step  74750 | loss  1.426 | ppl     4.16 | lr 1.62e-04 | gnorm   0.91 |    16485 tok/s
step  74800 | loss  1.419 | ppl     4.13 | lr 1.62e-04 | gnorm   0.97 |    16775 tok/s
step  74850 | loss  1.414 | ppl     4.11 | lr 1.62e-04 | gnorm   0.96 |    15793 tok/s
step  74900 | loss  1.409 | ppl     4.09 | lr 1.61e-04 | gnorm   0.92 |    16832 tok/s
step  74950 | loss  1.415 | ppl     4.12 | lr 1.61e-04 | gnorm   0.90 |    17049 tok/s
step  75000 | loss  1.412 | ppl     4.10 | lr 1.61e-04 | gnorm   0.89 |    16533 tok/s
step  75050 | loss  1.412 | ppl     4.10 | lr 1.61e-04 | gnorm   1.15 |    16647 tok/s
step  75100 | loss  1.407 | ppl     4.08 | lr 1.61e-04 | gnorm   0.87 |    16146 tok/s
step  75150 | loss  1.406 | ppl     4.08 | lr 1.61e-04 | gnorm   0.89 |    15460 tok/s
step  75200 | loss  1.407 | ppl     4.08 | lr 1.61e-04 | gnorm   0.98 |    16126 tok/s
step  75250 | loss  1.420 | ppl     4.14 | lr 1.61e-04 | gnorm   1.14 |    16472 tok/s
step  75300 | loss  1.406 | ppl     4.08 | lr 1.61e-04 | gnorm   0.88 |    16482 tok/s
step  75350 | loss  1.421 | ppl     4.14 | lr 1.61e-04 | gnorm   1.51 |    16926 tok/s
step  75400 | loss  1.415 | ppl     4.12 | lr 1.61e-04 | gnorm   0.80 |    16531 tok/s
step  75450 | loss  1.407 | ppl     4.08 | lr 1.61e-04 | gnorm   1.05 |    15887 tok/s
step  75500 | loss  1.407 | ppl     4.08 | lr 1.61e-04 | gnorm   0.96 |    16012 tok/s
step  75550 | loss  1.417 | ppl     4.12 | lr 1.61e-04 | gnorm   0.92 |    15958 tok/s
step  75600 | loss  1.406 | ppl     4.08 | lr 1.61e-04 | gnorm   0.85 |    16792 tok/s
step  75650 | loss  1.405 | ppl     4.08 | lr 1.61e-04 | gnorm   0.89 |    16797 tok/s
step  75700 | loss  1.436 | ppl     4.20 | lr 1.61e-04 | gnorm   1.09 |    16901 tok/s
step  75750 | loss  1.393 | ppl     4.03 | lr 1.61e-04 | gnorm   2.24 |    16605 tok/s
step  75800 | loss  1.412 | ppl     4.10 | lr 1.61e-04 | gnorm   0.96 |    16114 tok/s
step  75850 | loss  1.405 | ppl     4.08 | lr 1.60e-04 | gnorm   1.01 |    16581 tok/s
step  75900 | loss  1.417 | ppl     4.13 | lr 1.60e-04 | gnorm   0.82 |    16781 tok/s
step  75950 | loss  1.428 | ppl     4.17 | lr 1.60e-04 | gnorm   0.95 |    16802 tok/s
step  76000 | loss  1.410 | ppl     4.10 | lr 1.60e-04 | gnorm   0.86 |    16908 tok/s
  [eval @ 76000] val_loss 4.005 | val_ppl 54.87 | BLEU 21.06
step  76050 | loss  1.408 | ppl     4.09 | lr 1.60e-04 | gnorm   0.86 |     4366 tok/s
step  76100 | loss  1.405 | ppl     4.08 | lr 1.60e-04 | gnorm   1.45 |    15345 tok/s
step  76150 | loss  1.414 | ppl     4.11 | lr 1.60e-04 | gnorm   0.87 |    16459 tok/s
step  76200 | loss  1.416 | ppl     4.12 | lr 1.60e-04 | gnorm   0.94 |    16425 tok/s
step  76250 | loss  1.430 | ppl     4.18 | lr 1.60e-04 | gnorm   1.16 |    16353 tok/s
step  76300 | loss  1.407 | ppl     4.08 | lr 1.60e-04 | gnorm   0.83 |    16742 tok/s
step  76350 | loss  1.418 | ppl     4.13 | lr 1.60e-04 | gnorm   0.96 |    16493 tok/s
step  76400 | loss  1.405 | ppl     4.08 | lr 1.60e-04 | gnorm   1.01 |    15668 tok/s
step  76450 | loss  1.410 | ppl     4.10 | lr 1.60e-04 | gnorm   1.07 |    16419 tok/s
step  76500 | loss  1.393 | ppl     4.03 | lr 1.60e-04 | gnorm   1.08 |    16756 tok/s
step  76550 | loss  1.411 | ppl     4.10 | lr 1.60e-04 | gnorm   1.65 |    16564 tok/s
step  76600 | loss  1.414 | ppl     4.11 | lr 1.60e-04 | gnorm   0.84 |    16659 tok/s
step  76650 | loss  1.417 | ppl     4.12 | lr 1.60e-04 | gnorm   1.02 |    16745 tok/s
step  76700 | loss  1.401 | ppl     4.06 | lr 1.60e-04 | gnorm   0.88 |    15612 tok/s
step  76750 | loss  1.406 | ppl     4.08 | lr 1.60e-04 | gnorm   0.91 |    16851 tok/s
step  76800 | loss  1.406 | ppl     4.08 | lr 1.59e-04 | gnorm   0.81 |    16399 tok/s
step  76850 | loss  1.416 | ppl     4.12 | lr 1.59e-04 | gnorm   0.89 |    16600 tok/s
step  76900 | loss  1.405 | ppl     4.08 | lr 1.59e-04 | gnorm   0.88 |    16624 tok/s
step  76950 | loss  1.411 | ppl     4.10 | lr 1.59e-04 | gnorm   0.83 |    16881 tok/s
step  77000 | loss  1.417 | ppl     4.13 | lr 1.59e-04 | gnorm   0.88 |    15801 tok/s
step  77050 | loss  1.407 | ppl     4.09 | lr 1.59e-04 | gnorm   1.39 |    17060 tok/s
step  77100 | loss  1.408 | ppl     4.09 | lr 1.59e-04 | gnorm   0.98 |    16581 tok/s
step  77150 | loss  1.395 | ppl     4.04 | lr 1.59e-04 | gnorm   0.72 |    16757 tok/s
step  77200 | loss  1.412 | ppl     4.11 | lr 1.59e-04 | gnorm   0.85 |    16816 tok/s
step  77250 | loss  1.400 | ppl     4.05 | lr 1.59e-04 | gnorm   0.75 |    16465 tok/s
step  77300 | loss  1.401 | ppl     4.06 | lr 1.59e-04 | gnorm   0.91 |    15835 tok/s
step  77350 | loss  1.434 | ppl     4.20 | lr 1.59e-04 | gnorm   1.10 |    16732 tok/s
step  77400 | loss  1.398 | ppl     4.05 | lr 1.59e-04 | gnorm   0.77 |    16702 tok/s
step  77450 | loss  1.386 | ppl     4.00 | lr 1.59e-04 | gnorm   0.89 |    16712 tok/s
step  77500 | loss  1.409 | ppl     4.09 | lr 1.59e-04 | gnorm   1.42 |    16825 tok/s
step  77550 | loss  1.427 | ppl     4.17 | lr 1.59e-04 | gnorm   0.90 |    16568 tok/s
step  77600 | loss  1.395 | ppl     4.04 | lr 1.59e-04 | gnorm   0.91 |    15731 tok/s
step  77650 | loss  1.399 | ppl     4.05 | lr 1.59e-04 | gnorm   0.75 |    16488 tok/s
step  77700 | loss  1.414 | ppl     4.11 | lr 1.59e-04 | gnorm   0.94 |    16891 tok/s
step  77750 | loss  1.416 | ppl     4.12 | lr 1.58e-04 | gnorm   0.91 |    16668 tok/s
step  77800 | loss  1.409 | ppl     4.09 | lr 1.58e-04 | gnorm   1.18 |    16470 tok/s
step  77850 | loss  1.425 | ppl     4.16 | lr 1.58e-04 | gnorm   1.07 |    16607 tok/s
step  77900 | loss  1.402 | ppl     4.06 | lr 1.58e-04 | gnorm   0.86 |    15599 tok/s
step  77950 | loss  1.406 | ppl     4.08 | lr 1.58e-04 | gnorm   0.93 |    16399 tok/s
step  78000 | loss  1.401 | ppl     4.06 | lr 1.58e-04 | gnorm   0.75 |    16547 tok/s
  [eval @ 78000] val_loss 4.005 | val_ppl 54.86 | BLEU 21.52
step  78050 | loss  1.406 | ppl     4.08 | lr 1.58e-04 | gnorm   0.95 |     4398 tok/s
step  78100 | loss  1.414 | ppl     4.11 | lr 1.58e-04 | gnorm   0.94 |    16581 tok/s
step  78150 | loss  1.409 | ppl     4.09 | lr 1.58e-04 | gnorm   0.88 |    16711 tok/s
step  78200 | loss  1.411 | ppl     4.10 | lr 1.58e-04 | gnorm   0.85 |    15992 tok/s
step  78250 | loss  1.389 | ppl     4.01 | lr 1.58e-04 | gnorm   0.78 |    16823 tok/s
step  78300 | loss  1.405 | ppl     4.07 | lr 1.58e-04 | gnorm   0.82 |    16761 tok/s
step  78350 | loss  1.408 | ppl     4.09 | lr 1.58e-04 | gnorm   0.82 |    16839 tok/s
step  78400 | loss  1.410 | ppl     4.10 | lr 1.58e-04 | gnorm   0.96 |    16708 tok/s
step  78450 | loss  1.410 | ppl     4.10 | lr 1.58e-04 | gnorm   0.85 |    16666 tok/s
step  78500 | loss  1.397 | ppl     4.04 | lr 1.58e-04 | gnorm   0.75 |    15747 tok/s
step  78550 | loss  1.413 | ppl     4.11 | lr 1.58e-04 | gnorm   0.87 |    16752 tok/s
step  78600 | loss  1.408 | ppl     4.09 | lr 1.58e-04 | gnorm   0.83 |    16490 tok/s
step  78650 | loss  1.410 | ppl     4.09 | lr 1.58e-04 | gnorm   0.89 |    16498 tok/s
step  78700 | loss  1.404 | ppl     4.07 | lr 1.58e-04 | gnorm   0.90 |    16417 tok/s
step  78750 | loss  1.409 | ppl     4.09 | lr 1.57e-04 | gnorm   1.06 |    16606 tok/s
step  78800 | loss  1.401 | ppl     4.06 | lr 1.57e-04 | gnorm   1.01 |    15779 tok/s
step  78850 | loss  1.415 | ppl     4.12 | lr 1.57e-04 | gnorm   0.99 |    16806 tok/s
step  78900 | loss  1.401 | ppl     4.06 | lr 1.57e-04 | gnorm   0.91 |    16755 tok/s
step  78950 | loss  1.405 | ppl     4.07 | lr 1.57e-04 | gnorm   0.88 |    16791 tok/s
step  79000 | loss  1.404 | ppl     4.07 | lr 1.57e-04 | gnorm   0.78 |    16589 tok/s
step  79050 | loss  1.420 | ppl     4.14 | lr 1.57e-04 | gnorm   1.01 |    16176 tok/s
step  79100 | loss  1.392 | ppl     4.02 | lr 1.57e-04 | gnorm   0.76 |    15543 tok/s
step  79150 | loss  1.406 | ppl     4.08 | lr 1.57e-04 | gnorm   1.00 |    16403 tok/s
step  79200 | loss  1.402 | ppl     4.06 | lr 1.57e-04 | gnorm   0.81 |    16597 tok/s
step  79250 | loss  1.408 | ppl     4.09 | lr 1.57e-04 | gnorm   0.86 |    16579 tok/s
step  79300 | loss  1.419 | ppl     4.13 | lr 1.57e-04 | gnorm   1.06 |    16531 tok/s
step  79350 | loss  1.410 | ppl     4.09 | lr 1.57e-04 | gnorm   0.85 |    16596 tok/s
step  79400 | loss  1.395 | ppl     4.03 | lr 1.57e-04 | gnorm   0.82 |    15491 tok/s
step  79450 | loss  1.409 | ppl     4.09 | lr 1.57e-04 | gnorm   0.84 |    16295 tok/s
step  79500 | loss  1.416 | ppl     4.12 | lr 1.57e-04 | gnorm   0.78 |    16877 tok/s
step  79550 | loss  1.391 | ppl     4.02 | lr 1.57e-04 | gnorm   0.78 |    16743 tok/s
step  79600 | loss  1.413 | ppl     4.11 | lr 1.57e-04 | gnorm   0.90 |    16605 tok/s
step  79650 | loss  1.406 | ppl     4.08 | lr 1.57e-04 | gnorm   1.56 |    16608 tok/s
step  79700 | loss  1.399 | ppl     4.05 | lr 1.57e-04 | gnorm   0.72 |    15976 tok/s
step  79750 | loss  1.396 | ppl     4.04 | lr 1.56e-04 | gnorm   0.98 |    16717 tok/s
step  79800 | loss  1.391 | ppl     4.02 | lr 1.56e-04 | gnorm   0.76 |    16517 tok/s
step  79850 | loss  1.407 | ppl     4.08 | lr 1.56e-04 | gnorm   0.84 |    16796 tok/s
step  79900 | loss  1.407 | ppl     4.09 | lr 1.56e-04 | gnorm   0.91 |    16582 tok/s
step  79950 | loss  1.410 | ppl     4.10 | lr 1.56e-04 | gnorm   0.92 |    16899 tok/s
step  80000 | loss  1.392 | ppl     4.02 | lr 1.56e-04 | gnorm   0.80 |    15576 tok/s
  [eval @ 80000] val_loss 3.994 | val_ppl 54.27 | BLEU 21.45
step  80050 | loss  1.399 | ppl     4.05 | lr 1.56e-04 | gnorm   0.87 |     4548 tok/s
step  80100 | loss  1.417 | ppl     4.12 | lr 1.56e-04 | gnorm   1.08 |    16665 tok/s
step  80150 | loss  1.420 | ppl     4.14 | lr 1.56e-04 | gnorm   1.17 |    16745 tok/s
step  80200 | loss  1.407 | ppl     4.08 | lr 1.56e-04 | gnorm   0.96 |    16860 tok/s
step  80250 | loss  1.415 | ppl     4.12 | lr 1.56e-04 | gnorm   0.90 |    16641 tok/s
step  80300 | loss  1.414 | ppl     4.11 | lr 1.56e-04 | gnorm   0.93 |    15517 tok/s
step  80350 | loss  1.402 | ppl     4.06 | lr 1.56e-04 | gnorm   0.91 |    16883 tok/s
step  80400 | loss  1.409 | ppl     4.09 | lr 1.56e-04 | gnorm   0.96 |    16730 tok/s
step  80450 | loss  1.414 | ppl     4.11 | lr 1.56e-04 | gnorm   1.12 |    16661 tok/s
step  80500 | loss  1.395 | ppl     4.03 | lr 1.56e-04 | gnorm   0.97 |    16463 tok/s
step  80550 | loss  1.405 | ppl     4.08 | lr 1.56e-04 | gnorm   0.88 |    16601 tok/s
step  80600 | loss  1.383 | ppl     3.99 | lr 1.56e-04 | gnorm   0.81 |    15634 tok/s
step  80650 | loss  1.394 | ppl     4.03 | lr 1.56e-04 | gnorm   0.88 |    16651 tok/s
step  80700 | loss  1.407 | ppl     4.08 | lr 1.56e-04 | gnorm   0.90 |    16832 tok/s
step  80750 | loss  1.408 | ppl     4.09 | lr 1.56e-04 | gnorm   1.04 |    16546 tok/s
step  80800 | loss  1.424 | ppl     4.15 | lr 1.55e-04 | gnorm   0.95 |    16846 tok/s
step  80850 | loss  1.406 | ppl     4.08 | lr 1.55e-04 | gnorm   0.89 |    16703 tok/s
step  80900 | loss  1.403 | ppl     4.07 | lr 1.55e-04 | gnorm   0.80 |    16366 tok/s
step  80950 | loss  1.406 | ppl     4.08 | lr 1.55e-04 | gnorm   0.94 |    15347 tok/s
step  81000 | loss  1.395 | ppl     4.03 | lr 1.55e-04 | gnorm   0.88 |    16174 tok/s
step  81050 | loss  1.407 | ppl     4.09 | lr 1.55e-04 | gnorm   0.83 |    16614 tok/s
step  81100 | loss  1.387 | ppl     4.00 | lr 1.55e-04 | gnorm   0.81 |    16627 tok/s
step  81150 | loss  1.417 | ppl     4.12 | lr 1.55e-04 | gnorm   0.88 |    16476 tok/s
step  81200 | loss  1.412 | ppl     4.10 | lr 1.55e-04 | gnorm   0.89 |    16519 tok/s
step  81250 | loss  1.394 | ppl     4.03 | lr 1.55e-04 | gnorm   0.76 |    15639 tok/s
step  81300 | loss  1.408 | ppl     4.09 | lr 1.55e-04 | gnorm   0.87 |    16605 tok/s
step  81350 | loss  1.405 | ppl     4.07 | lr 1.55e-04 | gnorm   0.81 |    16531 tok/s
step  81400 | loss  1.419 | ppl     4.14 | lr 1.55e-04 | gnorm   0.99 |    16408 tok/s
step  81450 | loss  1.427 | ppl     4.17 | lr 1.55e-04 | gnorm   1.09 |    16475 tok/s
step  81500 | loss  1.414 | ppl     4.11 | lr 1.55e-04 | gnorm   0.95 |    16588 tok/s
step  81550 | loss  1.399 | ppl     4.05 | lr 1.55e-04 | gnorm   0.81 |    15720 tok/s
step  81600 | loss  1.426 | ppl     4.16 | lr 1.55e-04 | gnorm   1.13 |    16714 tok/s
step  81650 | loss  1.386 | ppl     4.00 | lr 1.55e-04 | gnorm   0.85 |    16484 tok/s
step  81700 | loss  1.413 | ppl     4.11 | lr 1.55e-04 | gnorm   1.00 |    16464 tok/s
step  81750 | loss  1.414 | ppl     4.11 | lr 1.55e-04 | gnorm   1.00 |    16601 tok/s
step  81800 | loss  1.427 | ppl     4.17 | lr 1.55e-04 | gnorm   0.99 |    16675 tok/s
step  81850 | loss  1.407 | ppl     4.08 | lr 1.54e-04 | gnorm   1.48 |    15512 tok/s
step  81900 | loss  1.396 | ppl     4.04 | lr 1.54e-04 | gnorm   0.87 |    16650 tok/s
step  81950 | loss  1.411 | ppl     4.10 | lr 1.54e-04 | gnorm   0.93 |    16560 tok/s
step  82000 | loss  1.406 | ppl     4.08 | lr 1.54e-04 | gnorm   0.94 |    16503 tok/s
  [eval @ 82000] val_loss 4.013 | val_ppl 55.30 | BLEU 20.99
step  82050 | loss  1.412 | ppl     4.11 | lr 1.54e-04 | gnorm   0.82 |     4449 tok/s
step  82100 | loss  1.420 | ppl     4.14 | lr 1.54e-04 | gnorm   1.01 |    16518 tok/s
step  82150 | loss  1.404 | ppl     4.07 | lr 1.54e-04 | gnorm   0.95 |    15258 tok/s
step  82200 | loss  1.395 | ppl     4.04 | lr 1.54e-04 | gnorm   0.85 |    16210 tok/s
step  82250 | loss  1.405 | ppl     4.08 | lr 1.54e-04 | gnorm   2.56 |    16375 tok/s
step  82300 | loss  1.412 | ppl     4.11 | lr 1.54e-04 | gnorm   0.88 |    16607 tok/s
step  82350 | loss  1.393 | ppl     4.03 | lr 1.54e-04 | gnorm   0.84 |    16453 tok/s
step  82400 | loss  1.408 | ppl     4.09 | lr 1.54e-04 | gnorm   0.95 |    16411 tok/s
step  82450 | loss  1.405 | ppl     4.08 | lr 1.54e-04 | gnorm   0.89 |    15388 tok/s
step  82500 | loss  1.396 | ppl     4.04 | lr 1.54e-04 | gnorm   0.81 |    16389 tok/s
step  82550 | loss  1.412 | ppl     4.10 | lr 1.54e-04 | gnorm   0.96 |    16677 tok/s
step  82600 | loss  1.401 | ppl     4.06 | lr 1.54e-04 | gnorm   0.89 |    16156 tok/s
step  82650 | loss  1.404 | ppl     4.07 | lr 1.54e-04 | gnorm   0.83 |    15744 tok/s
step  82700 | loss  1.416 | ppl     4.12 | lr 1.54e-04 | gnorm   1.42 |    16314 tok/s
step  82750 | loss  1.399 | ppl     4.05 | lr 1.54e-04 | gnorm   1.16 |    15584 tok/s
step  82800 | loss  1.396 | ppl     4.04 | lr 1.54e-04 | gnorm   0.94 |    16348 tok/s
step  82850 | loss  1.413 | ppl     4.11 | lr 1.54e-04 | gnorm   1.06 |    16360 tok/s
step  82900 | loss  1.412 | ppl     4.10 | lr 1.53e-04 | gnorm   1.09 |    16459 tok/s
step  82950 | loss  1.402 | ppl     4.06 | lr 1.53e-04 | gnorm   0.92 |    16396 tok/s
step  83000 | loss  1.395 | ppl     4.03 | lr 1.53e-04 | gnorm   0.83 |    16645 tok/s
step  83050 | loss  1.404 | ppl     4.07 | lr 1.53e-04 | gnorm   0.88 |    15566 tok/s
step  83100 | loss  1.397 | ppl     4.04 | lr 1.53e-04 | gnorm   0.86 |    16715 tok/s
step  83150 | loss  1.417 | ppl     4.12 | lr 1.53e-04 | gnorm   0.84 |    16605 tok/s
step  83200 | loss  1.398 | ppl     4.05 | lr 1.53e-04 | gnorm   0.76 |    16625 tok/s
step  83250 | loss  1.418 | ppl     4.13 | lr 1.53e-04 | gnorm   1.05 |    16588 tok/s
step  83300 | loss  1.402 | ppl     4.06 | lr 1.53e-04 | gnorm   1.28 |    16682 tok/s
step  83350 | loss  1.405 | ppl     4.07 | lr 1.53e-04 | gnorm   0.96 |    15527 tok/s
step  83400 | loss  1.410 | ppl     4.09 | lr 1.53e-04 | gnorm   1.23 |    16807 tok/s
step  83450 | loss  1.403 | ppl     4.07 | lr 1.53e-04 | gnorm   0.87 |    16384 tok/s
step  83500 | loss  1.412 | ppl     4.10 | lr 1.53e-04 | gnorm   1.06 |    16540 tok/s
step  83550 | loss  1.417 | ppl     4.13 | lr 1.53e-04 | gnorm   0.95 |    16476 tok/s
step  83600 | loss  1.422 | ppl     4.14 | lr 1.53e-04 | gnorm   1.01 |    16477 tok/s
step  83650 | loss  1.408 | ppl     4.09 | lr 1.53e-04 | gnorm   0.99 |    15660 tok/s
step  83700 | loss  1.406 | ppl     4.08 | lr 1.53e-04 | gnorm   0.95 |    16347 tok/s
step  83750 | loss  1.402 | ppl     4.07 | lr 1.53e-04 | gnorm   1.00 |    16055 tok/s
step  83800 | loss  1.395 | ppl     4.03 | lr 1.53e-04 | gnorm   0.85 |    16596 tok/s
step  83850 | loss  1.409 | ppl     4.09 | lr 1.53e-04 | gnorm   0.97 |    16328 tok/s
step  83900 | loss  1.410 | ppl     4.10 | lr 1.53e-04 | gnorm   0.96 |    16264 tok/s
step  83950 | loss  1.404 | ppl     4.07 | lr 1.53e-04 | gnorm   0.83 |    15296 tok/s
step  84000 | loss  1.406 | ppl     4.08 | lr 1.52e-04 | gnorm   0.77 |    16550 tok/s
  [eval @ 84000] val_loss 3.994 | val_ppl 54.26 | BLEU 20.62
step  84050 | loss  1.403 | ppl     4.07 | lr 1.52e-04 | gnorm   0.94 |     4388 tok/s
step  84100 | loss  1.399 | ppl     4.05 | lr 1.52e-04 | gnorm   1.05 |    16593 tok/s
step  84150 | loss  1.415 | ppl     4.12 | lr 1.52e-04 | gnorm   0.87 |    16494 tok/s
step  84200 | loss  1.407 | ppl     4.08 | lr 1.52e-04 | gnorm   1.17 |    16624 tok/s
step  84250 | loss  1.393 | ppl     4.03 | lr 1.52e-04 | gnorm   0.86 |    15884 tok/s
step  84300 | loss  1.402 | ppl     4.06 | lr 1.52e-04 | gnorm   0.80 |    16454 tok/s
step  84350 | loss  1.399 | ppl     4.05 | lr 1.52e-04 | gnorm   0.82 |    16867 tok/s
step  84400 | loss  1.403 | ppl     4.07 | lr 1.52e-04 | gnorm   0.90 |    16736 tok/s
step  84450 | loss  1.398 | ppl     4.05 | lr 1.52e-04 | gnorm   0.87 |    16756 tok/s
step  84500 | loss  1.400 | ppl     4.06 | lr 1.52e-04 | gnorm   0.85 |    16544 tok/s
step  84550 | loss  1.405 | ppl     4.08 | lr 1.52e-04 | gnorm   0.94 |    16057 tok/s
step  84600 | loss  1.399 | ppl     4.05 | lr 1.52e-04 | gnorm   1.13 |    16450 tok/s
step  84650 | loss  1.400 | ppl     4.05 | lr 1.52e-04 | gnorm   0.89 |    16939 tok/s
step  84700 | loss  1.401 | ppl     4.06 | lr 1.52e-04 | gnorm   0.97 |    16935 tok/s
step  84750 | loss  1.410 | ppl     4.10 | lr 1.52e-04 | gnorm   1.03 |    16403 tok/s
step  84800 | loss  1.415 | ppl     4.12 | lr 1.52e-04 | gnorm   0.94 |    16730 tok/s
step  84850 | loss  1.386 | ppl     4.00 | lr 1.52e-04 | gnorm   0.77 |    15838 tok/s
step  84900 | loss  1.396 | ppl     4.04 | lr 1.52e-04 | gnorm   0.75 |    16796 tok/s
step  84950 | loss  1.408 | ppl     4.09 | lr 1.52e-04 | gnorm   0.96 |    17016 tok/s
step  85000 | loss  1.417 | ppl     4.13 | lr 1.52e-04 | gnorm   1.46 |    16795 tok/s
step  85050 | loss  1.402 | ppl     4.06 | lr 1.52e-04 | gnorm   0.77 |    16892 tok/s
step  85100 | loss  1.391 | ppl     4.02 | lr 1.51e-04 | gnorm   0.82 |    17247 tok/s
step  85150 | loss  1.397 | ppl     4.04 | lr 1.51e-04 | gnorm   0.87 |    15977 tok/s
step  85200 | loss  1.398 | ppl     4.05 | lr 1.51e-04 | gnorm   1.23 |    16540 tok/s
step  85250 | loss  1.399 | ppl     4.05 | lr 1.51e-04 | gnorm   0.99 |    16690 tok/s
step  85300 | loss  1.395 | ppl     4.03 | lr 1.51e-04 | gnorm   1.02 |    16546 tok/s
step  85350 | loss  1.409 | ppl     4.09 | lr 1.51e-04 | gnorm   0.87 |    16887 tok/s
step  85400 | loss  1.406 | ppl     4.08 | lr 1.51e-04 | gnorm   0.98 |    17155 tok/s
step  85450 | loss  1.384 | ppl     3.99 | lr 1.51e-04 | gnorm   0.84 |    15925 tok/s
step  85500 | loss  1.387 | ppl     4.00 | lr 1.51e-04 | gnorm   0.77 |    16452 tok/s
step  85550 | loss  1.402 | ppl     4.06 | lr 1.51e-04 | gnorm   1.28 |    17123 tok/s
step  85600 | loss  1.414 | ppl     4.11 | lr 1.51e-04 | gnorm   0.96 |    17233 tok/s
step  85650 | loss  1.429 | ppl     4.17 | lr 1.51e-04 | gnorm   1.06 |    17105 tok/s
step  85700 | loss  1.407 | ppl     4.09 | lr 1.51e-04 | gnorm   1.03 |    16914 tok/s
step  85750 | loss  1.390 | ppl     4.01 | lr 1.51e-04 | gnorm   0.79 |    15986 tok/s
step  85800 | loss  1.401 | ppl     4.06 | lr 1.51e-04 | gnorm   0.86 |    16370 tok/s
step  85850 | loss  1.415 | ppl     4.11 | lr 1.51e-04 | gnorm   0.99 |    16386 tok/s
step  85900 | loss  1.398 | ppl     4.05 | lr 1.51e-04 | gnorm   0.85 |    16920 tok/s
step  85950 | loss  1.410 | ppl     4.10 | lr 1.51e-04 | gnorm   0.94 |    17110 tok/s
step  86000 | loss  1.407 | ppl     4.08 | lr 1.51e-04 | gnorm   0.92 |    17289 tok/s
  [eval @ 86000] val_loss 3.984 | val_ppl 53.73 | BLEU 20.84
step  86050 | loss  1.431 | ppl     4.18 | lr 1.51e-04 | gnorm   0.90 |     4507 tok/s
step  86100 | loss  1.392 | ppl     4.02 | lr 1.51e-04 | gnorm   0.84 |    15355 tok/s
step  86150 | loss  1.405 | ppl     4.08 | lr 1.51e-04 | gnorm   1.24 |    17125 tok/s
step  86200 | loss  1.400 | ppl     4.05 | lr 1.51e-04 | gnorm   0.91 |    17174 tok/s
step  86250 | loss  1.414 | ppl     4.11 | lr 1.50e-04 | gnorm   0.94 |    17156 tok/s
step  86300 | loss  1.410 | ppl     4.10 | lr 1.50e-04 | gnorm   0.90 |    16843 tok/s
step  86350 | loss  1.405 | ppl     4.07 | lr 1.50e-04 | gnorm   1.57 |    16806 tok/s
step  86400 | loss  1.403 | ppl     4.07 | lr 1.50e-04 | gnorm   0.88 |    16274 tok/s
step  86450 | loss  1.396 | ppl     4.04 | lr 1.50e-04 | gnorm   0.94 |    16884 tok/s
step  86500 | loss  1.404 | ppl     4.07 | lr 1.50e-04 | gnorm   0.95 |    17065 tok/s
step  86550 | loss  1.423 | ppl     4.15 | lr 1.50e-04 | gnorm   1.07 |    17040 tok/s
step  86600 | loss  1.415 | ppl     4.12 | lr 1.50e-04 | gnorm   0.91 |    17287 tok/s
step  86650 | loss  1.410 | ppl     4.10 | lr 1.50e-04 | gnorm   0.95 |    17017 tok/s
step  86700 | loss  1.384 | ppl     3.99 | lr 1.50e-04 | gnorm   0.71 |    16134 tok/s
step  86750 | loss  1.402 | ppl     4.06 | lr 1.50e-04 | gnorm   1.45 |    16827 tok/s
step  86800 | loss  1.403 | ppl     4.07 | lr 1.50e-04 | gnorm   0.78 |    17224 tok/s
step  86850 | loss  1.410 | ppl     4.09 | lr 1.50e-04 | gnorm   1.08 |    16960 tok/s
step  86900 | loss  1.419 | ppl     4.13 | lr 1.50e-04 | gnorm   1.09 |    17046 tok/s
step  86950 | loss  1.405 | ppl     4.08 | lr 1.50e-04 | gnorm   0.85 |    17163 tok/s
step  87000 | loss  1.403 | ppl     4.07 | lr 1.50e-04 | gnorm   0.98 |    16153 tok/s
step  87050 | loss  1.394 | ppl     4.03 | lr 1.50e-04 | gnorm   1.26 |    17126 tok/s
step  87100 | loss  1.397 | ppl     4.04 | lr 1.50e-04 | gnorm   1.12 |    16989 tok/s
step  87150 | loss  1.425 | ppl     4.16 | lr 1.50e-04 | gnorm   1.13 |    17211 tok/s
step  87200 | loss  1.405 | ppl     4.07 | lr 1.50e-04 | gnorm   1.05 |    17095 tok/s
step  87250 | loss  1.405 | ppl     4.07 | lr 1.50e-04 | gnorm   0.97 |    17148 tok/s
step  87300 | loss  1.409 | ppl     4.09 | lr 1.50e-04 | gnorm   0.95 |    16127 tok/s
step  87350 | loss  1.406 | ppl     4.08 | lr 1.50e-04 | gnorm   1.00 |    17119 tok/s
step  87400 | loss  1.385 | ppl     4.00 | lr 1.49e-04 | gnorm   0.88 |    16851 tok/s
step  87450 | loss  1.393 | ppl     4.03 | lr 1.49e-04 | gnorm   0.82 |    16840 tok/s
step  87500 | loss  1.401 | ppl     4.06 | lr 1.49e-04 | gnorm   1.05 |    16858 tok/s
step  87550 | loss  1.394 | ppl     4.03 | lr 1.49e-04 | gnorm   1.02 |    16946 tok/s
step  87600 | loss  1.388 | ppl     4.01 | lr 1.49e-04 | gnorm   0.90 |    16011 tok/s
step  87650 | loss  1.399 | ppl     4.05 | lr 1.49e-04 | gnorm   0.87 |    17134 tok/s
step  87700 | loss  1.404 | ppl     4.07 | lr 1.49e-04 | gnorm   1.05 |    17332 tok/s
step  87750 | loss  1.400 | ppl     4.06 | lr 1.49e-04 | gnorm   0.75 |    17204 tok/s
step  87800 | loss  1.396 | ppl     4.04 | lr 1.49e-04 | gnorm   0.76 |    16831 tok/s
step  87850 | loss  1.395 | ppl     4.03 | lr 1.49e-04 | gnorm   0.81 |    17174 tok/s
step  87900 | loss  1.382 | ppl     3.98 | lr 1.49e-04 | gnorm   0.80 |    15942 tok/s
step  87950 | loss  1.389 | ppl     4.01 | lr 1.49e-04 | gnorm   0.92 |    17105 tok/s
step  88000 | loss  1.394 | ppl     4.03 | lr 1.49e-04 | gnorm   0.95 |    17117 tok/s
  [eval @ 88000] val_loss 4.002 | val_ppl 54.71 | BLEU 21.16
step  88050 | loss  1.405 | ppl     4.08 | lr 1.49e-04 | gnorm   0.83 |     4514 tok/s
step  88100 | loss  1.400 | ppl     4.06 | lr 1.49e-04 | gnorm   0.87 |    16911 tok/s
step  88150 | loss  1.408 | ppl     4.09 | lr 1.49e-04 | gnorm   1.10 |    17160 tok/s
step  88200 | loss  1.380 | ppl     3.97 | lr 1.49e-04 | gnorm   0.86 |    15911 tok/s
step  88250 | loss  1.414 | ppl     4.11 | lr 1.49e-04 | gnorm   1.06 |    17443 tok/s
step  88300 | loss  1.402 | ppl     4.06 | lr 1.49e-04 | gnorm   0.78 |    17343 tok/s
step  88350 | loss  1.395 | ppl     4.04 | lr 1.49e-04 | gnorm   0.88 |    16934 tok/s
step  88400 | loss  1.404 | ppl     4.07 | lr 1.49e-04 | gnorm   0.85 |    17163 tok/s
step  88450 | loss  1.403 | ppl     4.07 | lr 1.49e-04 | gnorm   0.86 |    17317 tok/s
step  88500 | loss  1.397 | ppl     4.04 | lr 1.49e-04 | gnorm   0.80 |    16203 tok/s
step  88550 | loss  1.386 | ppl     4.00 | lr 1.49e-04 | gnorm   0.76 |    17115 tok/s
step  88600 | loss  1.398 | ppl     4.05 | lr 1.48e-04 | gnorm   0.95 |    17219 tok/s
step  88650 | loss  1.400 | ppl     4.06 | lr 1.48e-04 | gnorm   0.83 |    17130 tok/s
step  88700 | loss  1.391 | ppl     4.02 | lr 1.48e-04 | gnorm   0.83 |    16394 tok/s
step  88750 | loss  1.402 | ppl     4.06 | lr 1.48e-04 | gnorm   0.86 |    16270 tok/s
step  88800 | loss  1.398 | ppl     4.05 | lr 1.48e-04 | gnorm   1.01 |    16153 tok/s
step  88850 | loss  1.414 | ppl     4.11 | lr 1.48e-04 | gnorm   0.96 |    17091 tok/s
step  88900 | loss  1.396 | ppl     4.04 | lr 1.48e-04 | gnorm   0.98 |    17007 tok/s
step  88950 | loss  1.407 | ppl     4.09 | lr 1.48e-04 | gnorm   0.85 |    17220 tok/s
step  89000 | loss  1.398 | ppl     4.05 | lr 1.48e-04 | gnorm   0.97 |    16985 tok/s
step  89050 | loss  1.403 | ppl     4.07 | lr 1.48e-04 | gnorm   1.05 |    17098 tok/s
step  89100 | loss  1.385 | ppl     3.99 | lr 1.48e-04 | gnorm   0.88 |    16167 tok/s
step  89150 | loss  1.372 | ppl     3.94 | lr 1.48e-04 | gnorm   0.69 |    17174 tok/s
step  89200 | loss  1.403 | ppl     4.07 | lr 1.48e-04 | gnorm   0.86 |    17119 tok/s
step  89250 | loss  1.409 | ppl     4.09 | lr 1.48e-04 | gnorm   1.10 |    17400 tok/s
step  89300 | loss  1.398 | ppl     4.05 | lr 1.48e-04 | gnorm   0.89 |    17021 tok/s
step  89350 | loss  1.398 | ppl     4.05 | lr 1.48e-04 | gnorm   0.96 |    17226 tok/s
step  89400 | loss  1.383 | ppl     3.99 | lr 1.48e-04 | gnorm   0.85 |    15811 tok/s
step  89450 | loss  1.413 | ppl     4.11 | lr 1.48e-04 | gnorm   1.09 |    17219 tok/s
step  89500 | loss  1.395 | ppl     4.03 | lr 1.48e-04 | gnorm   0.83 |    16955 tok/s
step  89550 | loss  1.410 | ppl     4.10 | lr 1.48e-04 | gnorm   1.11 |    17220 tok/s
step  89600 | loss  1.413 | ppl     4.11 | lr 1.48e-04 | gnorm   1.02 |    17189 tok/s
step  89650 | loss  1.415 | ppl     4.12 | lr 1.48e-04 | gnorm   0.87 |    17319 tok/s
step  89700 | loss  1.401 | ppl     4.06 | lr 1.48e-04 | gnorm   0.94 |    16019 tok/s
step  89750 | loss  1.382 | ppl     3.98 | lr 1.48e-04 | gnorm   0.87 |    17276 tok/s
step  89800 | loss  1.399 | ppl     4.05 | lr 1.47e-04 | gnorm   0.89 |    16968 tok/s
step  89850 | loss  1.397 | ppl     4.04 | lr 1.47e-04 | gnorm   0.86 |    17488 tok/s
step  89900 | loss  1.411 | ppl     4.10 | lr 1.47e-04 | gnorm   1.10 |    15832 tok/s
step  89950 | loss  1.399 | ppl     4.05 | lr 1.47e-04 | gnorm   0.85 |    16578 tok/s
step  90000 | loss  1.388 | ppl     4.01 | lr 1.47e-04 | gnorm   0.82 |    15966 tok/s
  [eval @ 90000] val_loss 3.990 | val_ppl 54.04 | BLEU 21.12
step  90050 | loss  1.401 | ppl     4.06 | lr 1.47e-04 | gnorm   0.98 |     4532 tok/s
step  90100 | loss  1.404 | ppl     4.07 | lr 1.47e-04 | gnorm   0.94 |    17283 tok/s
step  90150 | loss  1.394 | ppl     4.03 | lr 1.47e-04 | gnorm   0.86 |    17300 tok/s
step  90200 | loss  1.412 | ppl     4.10 | lr 1.47e-04 | gnorm   0.89 |    17213 tok/s
step  90250 | loss  1.418 | ppl     4.13 | lr 1.47e-04 | gnorm   0.97 |    16890 tok/s
step  90300 | loss  1.387 | ppl     4.00 | lr 1.47e-04 | gnorm   0.81 |    16116 tok/s
step  90350 | loss  1.386 | ppl     4.00 | lr 1.47e-04 | gnorm   0.91 |    17051 tok/s
step  90400 | loss  1.408 | ppl     4.09 | lr 1.47e-04 | gnorm   0.97 |    16901 tok/s
step  90450 | loss  1.407 | ppl     4.09 | lr 1.47e-04 | gnorm   0.97 |    17185 tok/s
step  90500 | loss  1.396 | ppl     4.04 | lr 1.47e-04 | gnorm   0.86 |    16898 tok/s
step  90550 | loss  1.409 | ppl     4.09 | lr 1.47e-04 | gnorm   1.04 |    16998 tok/s
step  90600 | loss  1.397 | ppl     4.04 | lr 1.47e-04 | gnorm   1.07 |    16167 tok/s
step  90650 | loss  1.405 | ppl     4.08 | lr 1.47e-04 | gnorm   1.12 |    16863 tok/s
step  90700 | loss  1.390 | ppl     4.02 | lr 1.47e-04 | gnorm   0.99 |    16815 tok/s
step  90750 | loss  1.412 | ppl     4.10 | lr 1.47e-04 | gnorm   1.04 |    17204 tok/s
step  90800 | loss  1.401 | ppl     4.06 | lr 1.47e-04 | gnorm   2.32 |    17086 tok/s
step  90850 | loss  1.389 | ppl     4.01 | lr 1.47e-04 | gnorm   0.86 |    17067 tok/s
step  90900 | loss  1.352 | ppl     3.87 | lr 1.47e-04 | gnorm   1.93 |    16853 tok/s
step  90950 | loss  1.388 | ppl     4.01 | lr 1.47e-04 | gnorm   0.72 |    16289 tok/s
step  91000 | loss  1.395 | ppl     4.03 | lr 1.47e-04 | gnorm   0.92 |    17156 tok/s
step  91050 | loss  1.403 | ppl     4.07 | lr 1.46e-04 | gnorm   0.87 |    17224 tok/s
step  91100 | loss  1.391 | ppl     4.02 | lr 1.46e-04 | gnorm   0.83 |    17072 tok/s
step  91150 | loss  1.397 | ppl     4.04 | lr 1.46e-04 | gnorm   0.77 |    17184 tok/s
step  91200 | loss  1.405 | ppl     4.07 | lr 1.46e-04 | gnorm   1.01 |    17286 tok/s
step  91250 | loss  1.405 | ppl     4.08 | lr 1.46e-04 | gnorm   1.05 |    16231 tok/s
step  91300 | loss  1.407 | ppl     4.08 | lr 1.46e-04 | gnorm   1.32 |    17052 tok/s
step  91350 | loss  1.399 | ppl     4.05 | lr 1.46e-04 | gnorm   0.89 |    17140 tok/s
step  91400 | loss  1.402 | ppl     4.06 | lr 1.46e-04 | gnorm   1.19 |    17162 tok/s
step  91450 | loss  1.398 | ppl     4.05 | lr 1.46e-04 | gnorm   1.00 |    16799 tok/s
step  91500 | loss  1.415 | ppl     4.12 | lr 1.46e-04 | gnorm   0.89 |    16999 tok/s
step  91550 | loss  1.402 | ppl     4.06 | lr 1.46e-04 | gnorm   1.01 |    15914 tok/s
step  91600 | loss  1.394 | ppl     4.03 | lr 1.46e-04 | gnorm   0.80 |    17325 tok/s
step  91650 | loss  1.391 | ppl     4.02 | lr 1.46e-04 | gnorm   0.84 |    17075 tok/s
step  91700 | loss  1.386 | ppl     4.00 | lr 1.46e-04 | gnorm   1.04 |    17188 tok/s
step  91750 | loss  1.410 | ppl     4.10 | lr 1.46e-04 | gnorm   1.12 |    17417 tok/s
step  91800 | loss  1.415 | ppl     4.12 | lr 1.46e-04 | gnorm   1.05 |    17315 tok/s
step  91850 | loss  1.391 | ppl     4.02 | lr 1.46e-04 | gnorm   1.05 |    15866 tok/s
step  91900 | loss  1.401 | ppl     4.06 | lr 1.46e-04 | gnorm   1.00 |    17025 tok/s
step  91950 | loss  1.393 | ppl     4.03 | lr 1.46e-04 | gnorm   0.84 |    17104 tok/s
step  92000 | loss  1.401 | ppl     4.06 | lr 1.46e-04 | gnorm   0.87 |    16935 tok/s
  [eval @ 92000] val_loss 4.015 | val_ppl 55.44 | BLEU 21.10
step  92050 | loss  1.401 | ppl     4.06 | lr 1.46e-04 | gnorm   1.01 |     4491 tok/s
step  92100 | loss  1.400 | ppl     4.05 | lr 1.46e-04 | gnorm   0.96 |    16950 tok/s
step  92150 | loss  1.393 | ppl     4.03 | lr 1.46e-04 | gnorm   1.05 |    15908 tok/s
step  92200 | loss  1.419 | ppl     4.13 | lr 1.46e-04 | gnorm   1.78 |    16970 tok/s
step  92250 | loss  1.391 | ppl     4.02 | lr 1.46e-04 | gnorm   1.10 |    17184 tok/s
step  92300 | loss  1.392 | ppl     4.02 | lr 1.45e-04 | gnorm   0.84 |    17308 tok/s
step  92350 | loss  1.404 | ppl     4.07 | lr 1.45e-04 | gnorm   0.85 |    17211 tok/s
step  92400 | loss  1.409 | ppl     4.09 | lr 1.45e-04 | gnorm   1.09 |    17146 tok/s
step  92450 | loss  1.400 | ppl     4.05 | lr 1.45e-04 | gnorm   1.07 |    15995 tok/s
step  92500 | loss  1.401 | ppl     4.06 | lr 1.45e-04 | gnorm   1.22 |    17334 tok/s
step  92550 | loss  1.407 | ppl     4.08 | lr 1.45e-04 | gnorm   0.90 |    17165 tok/s
step  92600 | loss  1.397 | ppl     4.04 | lr 1.45e-04 | gnorm   1.01 |    17269 tok/s
step  92650 | loss  1.405 | ppl     4.08 | lr 1.45e-04 | gnorm   1.00 |    17198 tok/s
step  92700 | loss  1.396 | ppl     4.04 | lr 1.45e-04 | gnorm   0.91 |    17177 tok/s
step  92750 | loss  1.395 | ppl     4.03 | lr 1.45e-04 | gnorm   0.85 |    16093 tok/s
step  92800 | loss  1.394 | ppl     4.03 | lr 1.45e-04 | gnorm   0.82 |    17354 tok/s
step  92850 | loss  1.391 | ppl     4.02 | lr 1.45e-04 | gnorm   0.79 |    16908 tok/s
step  92900 | loss  1.410 | ppl     4.09 | lr 1.45e-04 | gnorm   1.15 |    17318 tok/s
step  92950 | loss  1.411 | ppl     4.10 | lr 1.45e-04 | gnorm   0.98 |    16891 tok/s
step  93000 | loss  1.403 | ppl     4.07 | lr 1.45e-04 | gnorm   0.86 |    17410 tok/s
step  93050 | loss  1.401 | ppl     4.06 | lr 1.45e-04 | gnorm   0.89 |    16079 tok/s
step  93100 | loss  1.388 | ppl     4.01 | lr 1.45e-04 | gnorm   1.03 |    17170 tok/s
step  93150 | loss  1.389 | ppl     4.01 | lr 1.45e-04 | gnorm   0.92 |    17033 tok/s
step  93200 | loss  1.414 | ppl     4.11 | lr 1.45e-04 | gnorm   1.06 |    17303 tok/s
step  93250 | loss  1.386 | ppl     4.00 | lr 1.45e-04 | gnorm   0.83 |    17256 tok/s
step  93300 | loss  1.390 | ppl     4.01 | lr 1.45e-04 | gnorm   0.85 |    17553 tok/s
step  93350 | loss  1.387 | ppl     4.00 | lr 1.45e-04 | gnorm   0.98 |    16286 tok/s
step  93400 | loss  1.380 | ppl     3.98 | lr 1.45e-04 | gnorm   1.05 |    17314 tok/s
step  93450 | loss  1.385 | ppl     3.99 | lr 1.45e-04 | gnorm   0.72 |    16892 tok/s
step  93500 | loss  1.401 | ppl     4.06 | lr 1.45e-04 | gnorm   0.97 |    17412 tok/s
step  93550 | loss  1.401 | ppl     4.06 | lr 1.44e-04 | gnorm   0.84 |    17022 tok/s
step  93600 | loss  1.403 | ppl     4.07 | lr 1.44e-04 | gnorm   0.91 |    17263 tok/s
step  93650 | loss  1.399 | ppl     4.05 | lr 1.44e-04 | gnorm   0.79 |    16118 tok/s
step  93700 | loss  1.408 | ppl     4.09 | lr 1.44e-04 | gnorm   0.91 |    17112 tok/s
step  93750 | loss  1.402 | ppl     4.06 | lr 1.44e-04 | gnorm   1.05 |    17200 tok/s
step  93800 | loss  1.387 | ppl     4.00 | lr 1.44e-04 | gnorm   0.79 |    17140 tok/s
step  93850 | loss  1.409 | ppl     4.09 | lr 1.44e-04 | gnorm   0.98 |    17026 tok/s
step  93900 | loss  1.397 | ppl     4.04 | lr 1.44e-04 | gnorm   0.86 |    17270 tok/s
step  93950 | loss  1.396 | ppl     4.04 | lr 1.44e-04 | gnorm   0.91 |    16203 tok/s
step  94000 | loss  1.394 | ppl     4.03 | lr 1.44e-04 | gnorm   1.12 |    17224 tok/s
  [eval @ 94000] val_loss 4.015 | val_ppl 55.41 | BLEU 21.29
step  94050 | loss  1.397 | ppl     4.04 | lr 1.44e-04 | gnorm   0.82 |     4477 tok/s
step  94100 | loss  1.396 | ppl     4.04 | lr 1.44e-04 | gnorm   0.87 |    16929 tok/s
step  94150 | loss  1.403 | ppl     4.07 | lr 1.44e-04 | gnorm   1.04 |    17061 tok/s
step  94200 | loss  1.393 | ppl     4.03 | lr 1.44e-04 | gnorm   0.89 |    17081 tok/s
step  94250 | loss  1.399 | ppl     4.05 | lr 1.44e-04 | gnorm   1.28 |    16000 tok/s
step  94300 | loss  1.397 | ppl     4.05 | lr 1.44e-04 | gnorm   1.03 |    17053 tok/s
step  94350 | loss  1.390 | ppl     4.01 | lr 1.44e-04 | gnorm   0.99 |    17176 tok/s
step  94400 | loss  1.384 | ppl     3.99 | lr 1.44e-04 | gnorm   0.77 |    17071 tok/s
step  94450 | loss  1.403 | ppl     4.07 | lr 1.44e-04 | gnorm   1.11 |    17122 tok/s
step  94500 | loss  1.423 | ppl     4.15 | lr 1.44e-04 | gnorm   1.43 |    16979 tok/s
step  94550 | loss  1.386 | ppl     4.00 | lr 1.44e-04 | gnorm   0.90 |    16366 tok/s
step  94600 | loss  1.394 | ppl     4.03 | lr 1.44e-04 | gnorm   0.90 |    17002 tok/s
step  94650 | loss  1.390 | ppl     4.02 | lr 1.44e-04 | gnorm   0.80 |    17057 tok/s
step  94700 | loss  1.397 | ppl     4.04 | lr 1.44e-04 | gnorm   0.96 |    16934 tok/s
step  94750 | loss  1.396 | ppl     4.04 | lr 1.44e-04 | gnorm   0.93 |    16981 tok/s
step  94800 | loss  1.392 | ppl     4.02 | lr 1.44e-04 | gnorm   0.82 |    17102 tok/s
step  94850 | loss  1.414 | ppl     4.11 | lr 1.43e-04 | gnorm   1.28 |    15714 tok/s
step  94900 | loss  1.386 | ppl     4.00 | lr 1.43e-04 | gnorm   0.79 |    16799 tok/s
step  94950 | loss  1.410 | ppl     4.10 | lr 1.43e-04 | gnorm   1.03 |    17501 tok/s
step  95000 | loss  1.400 | ppl     4.06 | lr 1.43e-04 | gnorm   1.55 |    16890 tok/s
step  95050 | loss  1.407 | ppl     4.08 | lr 1.43e-04 | gnorm   1.36 |    17186 tok/s
step  95100 | loss  1.391 | ppl     4.02 | lr 1.43e-04 | gnorm   0.87 |    16967 tok/s
step  95150 | loss  1.392 | ppl     4.02 | lr 1.43e-04 | gnorm   0.93 |    16251 tok/s
step  95200 | loss  1.404 | ppl     4.07 | lr 1.43e-04 | gnorm   0.85 |    16946 tok/s
step  95250 | loss  1.393 | ppl     4.03 | lr 1.43e-04 | gnorm   0.94 |    16874 tok/s
step  95300 | loss  1.397 | ppl     4.04 | lr 1.43e-04 | gnorm   1.06 |    16994 tok/s
step  95350 | loss  1.398 | ppl     4.05 | lr 1.43e-04 | gnorm   0.93 |    17307 tok/s
step  95400 | loss  1.386 | ppl     4.00 | lr 1.43e-04 | gnorm   0.99 |    17121 tok/s
step  95450 | loss  1.374 | ppl     3.95 | lr 1.43e-04 | gnorm   0.77 |    16360 tok/s
step  95500 | loss  1.398 | ppl     4.05 | lr 1.43e-04 | gnorm   0.90 |    16944 tok/s
step  95550 | loss  1.404 | ppl     4.07 | lr 1.43e-04 | gnorm   0.99 |    17271 tok/s
step  95600 | loss  1.400 | ppl     4.06 | lr 1.43e-04 | gnorm   0.94 |    17099 tok/s
step  95650 | loss  1.396 | ppl     4.04 | lr 1.43e-04 | gnorm   0.83 |    17178 tok/s
step  95700 | loss  1.408 | ppl     4.09 | lr 1.43e-04 | gnorm   0.90 |    17022 tok/s
step  95750 | loss  1.386 | ppl     4.00 | lr 1.43e-04 | gnorm   1.01 |    16278 tok/s
step  95800 | loss  1.388 | ppl     4.01 | lr 1.43e-04 | gnorm   0.88 |    17156 tok/s
step  95850 | loss  1.388 | ppl     4.01 | lr 1.43e-04 | gnorm   0.79 |    17251 tok/s
step  95900 | loss  1.402 | ppl     4.06 | lr 1.43e-04 | gnorm   1.04 |    16456 tok/s
step  95950 | loss  1.384 | ppl     3.99 | lr 1.43e-04 | gnorm   0.86 |    17265 tok/s
step  96000 | loss  1.399 | ppl     4.05 | lr 1.43e-04 | gnorm   0.87 |    17009 tok/s
  [eval @ 96000] val_loss 4.003 | val_ppl 54.78 | BLEU 20.80
step  96050 | loss  1.398 | ppl     4.05 | lr 1.43e-04 | gnorm   0.87 |     4568 tok/s
step  96100 | loss  1.400 | ppl     4.06 | lr 1.43e-04 | gnorm   0.91 |    16103 tok/s
step  96150 | loss  1.389 | ppl     4.01 | lr 1.43e-04 | gnorm   1.07 |    17126 tok/s
step  96200 | loss  1.386 | ppl     4.00 | lr 1.42e-04 | gnorm   0.84 |    17251 tok/s
step  96250 | loss  1.390 | ppl     4.01 | lr 1.42e-04 | gnorm   0.86 |    17155 tok/s
step  96300 | loss  1.398 | ppl     4.05 | lr 1.42e-04 | gnorm   0.93 |    17109 tok/s
step  96350 | loss  1.391 | ppl     4.02 | lr 1.42e-04 | gnorm   0.83 |    17236 tok/s
step  96400 | loss  1.394 | ppl     4.03 | lr 1.42e-04 | gnorm   1.13 |    15965 tok/s
step  96450 | loss  1.381 | ppl     3.98 | lr 1.42e-04 | gnorm   1.12 |    17303 tok/s
step  96500 | loss  1.406 | ppl     4.08 | lr 1.42e-04 | gnorm   0.92 |    17117 tok/s
step  96550 | loss  1.394 | ppl     4.03 | lr 1.42e-04 | gnorm   0.82 |    17365 tok/s
step  96600 | loss  1.396 | ppl     4.04 | lr 1.42e-04 | gnorm   0.95 |    17178 tok/s
step  96650 | loss  1.407 | ppl     4.08 | lr 1.42e-04 | gnorm   1.50 |    16997 tok/s
step  96700 | loss  1.396 | ppl     4.04 | lr 1.42e-04 | gnorm   1.12 |    16274 tok/s
step  96750 | loss  1.399 | ppl     4.05 | lr 1.42e-04 | gnorm   0.75 |    17301 tok/s
step  96800 | loss  1.402 | ppl     4.06 | lr 1.42e-04 | gnorm   1.11 |    17170 tok/s
step  96850 | loss  1.394 | ppl     4.03 | lr 1.42e-04 | gnorm   0.97 |    17240 tok/s
step  96900 | loss  1.397 | ppl     4.04 | lr 1.42e-04 | gnorm   1.44 |    17073 tok/s
step  96950 | loss  1.404 | ppl     4.07 | lr 1.42e-04 | gnorm   1.01 |    16938 tok/s
step  97000 | loss  1.389 | ppl     4.01 | lr 1.42e-04 | gnorm   0.86 |    15993 tok/s
step  97050 | loss  1.391 | ppl     4.02 | lr 1.42e-04 | gnorm   0.80 |    17018 tok/s
step  97100 | loss  1.387 | ppl     4.00 | lr 1.42e-04 | gnorm   0.82 |    17266 tok/s
step  97150 | loss  1.407 | ppl     4.08 | lr 1.42e-04 | gnorm   1.02 |    17277 tok/s
step  97200 | loss  1.392 | ppl     4.02 | lr 1.42e-04 | gnorm   1.25 |    17025 tok/s
step  97250 | loss  1.395 | ppl     4.04 | lr 1.42e-04 | gnorm   0.88 |    17369 tok/s
step  97300 | loss  1.391 | ppl     4.02 | lr 1.42e-04 | gnorm   0.79 |    16147 tok/s
step  97350 | loss  1.390 | ppl     4.01 | lr 1.42e-04 | gnorm   1.07 |    16828 tok/s
step  97400 | loss  1.384 | ppl     3.99 | lr 1.42e-04 | gnorm   0.92 |    17181 tok/s
step  97450 | loss  1.415 | ppl     4.12 | lr 1.42e-04 | gnorm   1.52 |    16967 tok/s
step  97500 | loss  1.405 | ppl     4.08 | lr 1.42e-04 | gnorm   0.91 |    16770 tok/s
step  97550 | loss  1.395 | ppl     4.03 | lr 1.41e-04 | gnorm   0.99 |    16956 tok/s
step  97600 | loss  1.398 | ppl     4.05 | lr 1.41e-04 | gnorm   0.98 |    15712 tok/s
step  97650 | loss  1.398 | ppl     4.05 | lr 1.41e-04 | gnorm   1.02 |    16877 tok/s
step  97700 | loss  1.393 | ppl     4.03 | lr 1.41e-04 | gnorm   1.00 |    16913 tok/s
step  97750 | loss  1.412 | ppl     4.10 | lr 1.41e-04 | gnorm   1.35 |    16898 tok/s
step  97800 | loss  1.391 | ppl     4.02 | lr 1.41e-04 | gnorm   0.94 |    16841 tok/s
step  97850 | loss  1.399 | ppl     4.05 | lr 1.41e-04 | gnorm   1.33 |    16738 tok/s
step  97900 | loss  1.399 | ppl     4.05 | lr 1.41e-04 | gnorm   1.34 |    16139 tok/s
step  97950 | loss  1.398 | ppl     4.05 | lr 1.41e-04 | gnorm   1.05 |    16935 tok/s
step  98000 | loss  1.407 | ppl     4.08 | lr 1.41e-04 | gnorm   0.95 |    17311 tok/s
  [eval @ 98000] val_loss 4.002 | val_ppl 54.68 | BLEU 21.58
step  98050 | loss  1.385 | ppl     3.99 | lr 1.41e-04 | gnorm   1.31 |     4402 tok/s
step  98100 | loss  1.403 | ppl     4.07 | lr 1.41e-04 | gnorm   1.03 |    17153 tok/s
step  98150 | loss  1.387 | ppl     4.00 | lr 1.41e-04 | gnorm   1.17 |    17198 tok/s
step  98200 | loss  1.395 | ppl     4.03 | lr 1.41e-04 | gnorm   0.88 |    16196 tok/s
step  98250 | loss  1.390 | ppl     4.02 | lr 1.41e-04 | gnorm   0.79 |    16837 tok/s
step  98300 | loss  1.401 | ppl     4.06 | lr 1.41e-04 | gnorm   1.22 |    17167 tok/s
step  98350 | loss  1.389 | ppl     4.01 | lr 1.41e-04 | gnorm   0.86 |    17046 tok/s
step  98400 | loss  1.399 | ppl     4.05 | lr 1.41e-04 | gnorm   0.96 |    17229 tok/s
step  98450 | loss  1.412 | ppl     4.11 | lr 1.41e-04 | gnorm   1.17 |    17003 tok/s
step  98500 | loss  1.392 | ppl     4.02 | lr 1.41e-04 | gnorm   0.88 |    16211 tok/s
step  98550 | loss  1.385 | ppl     4.00 | lr 1.41e-04 | gnorm   0.77 |    17123 tok/s
step  98600 | loss  1.381 | ppl     3.98 | lr 1.41e-04 | gnorm   0.93 |    17107 tok/s
step  98650 | loss  1.395 | ppl     4.04 | lr 1.41e-04 | gnorm   0.89 |    16984 tok/s
step  98700 | loss  1.418 | ppl     4.13 | lr 1.41e-04 | gnorm   1.13 |    17123 tok/s
step  98750 | loss  1.406 | ppl     4.08 | lr 1.41e-04 | gnorm   0.85 |    16865 tok/s
step  98800 | loss  1.394 | ppl     4.03 | lr 1.41e-04 | gnorm   0.86 |    16136 tok/s
step  98850 | loss  1.399 | ppl     4.05 | lr 1.41e-04 | gnorm   1.18 |    16985 tok/s
step  98900 | loss  1.392 | ppl     4.02 | lr 1.41e-04 | gnorm   0.96 |    17157 tok/s
step  98950 | loss  1.406 | ppl     4.08 | lr 1.40e-04 | gnorm   1.22 |    17378 tok/s
step  99000 | loss  1.408 | ppl     4.09 | lr 1.40e-04 | gnorm   0.98 |    17087 tok/s
step  99050 | loss  1.406 | ppl     4.08 | lr 1.40e-04 | gnorm   1.08 |    17558 tok/s
step  99100 | loss  1.383 | ppl     3.99 | lr 1.40e-04 | gnorm   1.65 |    16341 tok/s
step  99150 | loss  1.394 | ppl     4.03 | lr 1.40e-04 | gnorm   0.88 |    17130 tok/s
step  99200 | loss  1.384 | ppl     3.99 | lr 1.40e-04 | gnorm   0.71 |    17256 tok/s
step  99250 | loss  1.395 | ppl     4.03 | lr 1.40e-04 | gnorm   1.03 |    16829 tok/s
step  99300 | loss  1.397 | ppl     4.04 | lr 1.40e-04 | gnorm   0.89 |    16736 tok/s
step  99350 | loss  1.394 | ppl     4.03 | lr 1.40e-04 | gnorm   1.01 |    17122 tok/s
step  99400 | loss  1.382 | ppl     3.98 | lr 1.40e-04 | gnorm   0.79 |    16022 tok/s
step  99450 | loss  1.386 | ppl     4.00 | lr 1.40e-04 | gnorm   0.74 |    16875 tok/s
step  99500 | loss  1.391 | ppl     4.02 | lr 1.40e-04 | gnorm   1.00 |    17036 tok/s
step  99550 | loss  1.389 | ppl     4.01 | lr 1.40e-04 | gnorm   0.86 |    17308 tok/s
step  99600 | loss  1.386 | ppl     4.00 | lr 1.40e-04 | gnorm   0.86 |    17162 tok/s
step  99650 | loss  1.396 | ppl     4.04 | lr 1.40e-04 | gnorm   0.99 |    17203 tok/s
step  99700 | loss  1.400 | ppl     4.06 | lr 1.40e-04 | gnorm   1.12 |    16005 tok/s
step  99750 | loss  1.376 | ppl     3.96 | lr 1.40e-04 | gnorm   0.85 |    17246 tok/s
step  99800 | loss  1.398 | ppl     4.05 | lr 1.40e-04 | gnorm   1.15 |    17240 tok/s
step  99850 | loss  1.410 | ppl     4.10 | lr 1.40e-04 | gnorm   1.07 |    17218 tok/s
step  99900 | loss  1.400 | ppl     4.05 | lr 1.40e-04 | gnorm   1.07 |    17181 tok/s
step  99950 | loss  1.416 | ppl     4.12 | lr 1.40e-04 | gnorm   1.02 |    17260 tok/s
step 100000 | loss  1.392 | ppl     4.02 | lr 1.40e-04 | gnorm   0.92 |    15935 tok/s
  [eval @ 100000] val_loss 4.005 | val_ppl 54.87 | BLEU 20.58

done. best val_loss 3.561
checkpoints: checkpoints/base.best.pt  (best)  |  checkpoints/base.last.pt  (last)
artifacts:   runs/base/  (train.log, metrics.jsonl, summary.json, samples.txt, figures/)


eval logs
uv run python scripts/translate.py -c /home/zp3146/attention-is-all-you-need/checkpoints/base.best.pt --bleu --beam 4
loaded /home/zp3146/attention-is-all-you-need/checkpoints/base.best.pt (step 6000) on cuda | decode=beam beam=4
Warning: You are sending unauthenticated requests to the HF Hub. Please set a HF_TOKEN to enable higher rate limits and faster downloads.
test BLEU (1000 sentences): 22.32
signature: BLEU = 22.32 54.9/28.1/16.8/9.8 (BP = 0.994 ratio = 0.994 hyp_len = 12039 ref_len = 12106)
